sa,sa_md,mar,mdar,mmre,mdmre,dataset,goal,model,tuner,objective,median tuning time (s),median fitting time (s)
-0.023457862728062606,0.06060606060606055,31.0,31.0,0.9393939393939394,0.9393939393939394,project0001.csv,0,DecisionTreeRegressor,DefaultCV,mmre,0.012561798095703125,0.001985311508178711
0.35621198957428324,0.40909090909090906,19.5,19.5,0.5909090909090909,0.5909090909090909,project0001.csv,0,DecisionTreeRegressor,DifferentialEvolutionCV,mmre,0.5792486667633057,0.0015041828155517578
-0.1278538812785388,0.1875,13.0,13.0,0.7647058823529411,0.7647058823529411,project0007.csv,0,DecisionTreeRegressor,DefaultCV,mmre,0.011553287506103516,0.0015032291412353516
0.930593607305936,0.95,0.8000000000000007,0.8000000000000007,0.047058823529411806,0.047058823529411806,project0007.csv,0,DecisionTreeRegressor,DifferentialEvolutionCV,mmre,0.5549757480621338,0.0015037059783935547
0.9172932330827068,0.8333333333333334,1.0,1.0,0.5,0.5,project0014.csv,0,DecisionTreeRegressor,DefaultCV,mmre,0.012038946151733398,0.0010051727294921875
0.9793233082706767,0.9583333333333334,0.25,0.25,0.125,0.125,project0014.csv,0,DecisionTreeRegressor,DifferentialEvolutionCV,mmre,0.5830495357513428,0.0015037059783935547
-26.200000000000014,-1.0,4.0,4.0,2.0,2.0,project0025.csv,0,DecisionTreeRegressor,DefaultCV,mmre,0.011530876159667969,0.0015039443969726562
-3.121212121212123,0.696969696969697,0.606060606060606,0.606060606060606,0.303030303030303,0.303030303030303,project0025.csv,0,DecisionTreeRegressor,DifferentialEvolutionCV,mmre,0.6577410697937012,0.0015037059783935547
0.8363064008394543,0.75,4.0,4.0,0.06666666666666667,0.06666666666666667,project0039.csv,0,DecisionTreeRegressor,DefaultCV,mmre,0.01102900505065918,0.0010027885437011719
0.9744228751311648,0.9609375,0.625,0.625,0.010416666666666666,0.010416666666666666,project0039.csv,0,DecisionTreeRegressor,DifferentialEvolutionCV,mmre,0.5459296703338623,0.0015037059783935547
-6.800000000000001,0.0,1.0,1.0,1.0,1.0,project0066.csv,0,DecisionTreeRegressor,DefaultCV,mmre,0.012505531311035156,0.0015337467193603516
-3.6378378378378375,0.4054054054054055,0.5945945945945945,0.5945945945945945,0.5945945945945945,0.5945945945945945,project0066.csv,0,DecisionTreeRegressor,DifferentialEvolutionCV,mmre,0.560490608215332,0.0010025501251220703
-5.161585365853658,-8.555555555555555,86.0,86.0,1.8695652173913044,1.8695652173913044,project0103.csv,0,DecisionTreeRegressor,DefaultCV,mmre,0.01203012466430664,0.001531839370727539
0.0,-0.5508274231678487,13.957446808510639,13.957446808510639,0.303422756706753,0.303422756706753,project0103.csv,0,DecisionTreeRegressor,DifferentialEvolutionCV,mmre,0.5183782577514648,0.0015037059783935547
0.9829837752275425,0.95,1.0,1.0,0.5,0.5,project0123.csv,0,DecisionTreeRegressor,DefaultCV,mmre,0.011558055877685547,0.0015037059783935547
0.9914918876137713,0.975,0.5,0.5,0.25,0.25,project0123.csv,0,DecisionTreeRegressor,DifferentialEvolutionCV,mmre,0.546912670135498,0.0010025501251220703
0.8699272967614011,0.8421052631578947,24.0,24.0,0.25806451612903225,0.25806451612903225,project0155.csv,0,DecisionTreeRegressor,DefaultCV,mmre,0.011020898818969727,0.0014848709106445312
0.9891606080634501,0.9868421052631579,2.0,2.0,0.021505376344086023,0.021505376344086023,project0155.csv,0,DecisionTreeRegressor,DifferentialEvolutionCV,mmre,0.5554625988006592,0.0015044212341308594
-10.417721518987339,-7.199999999999999,41.0,41.0,8.2,8.2,project0166.csv,0,DecisionTreeRegressor,DefaultCV,mmre,0.011035680770874023,0.0010044574737548828
0.15189873417721544,0.3909090909090909,3.0454545454545454,3.0454545454545454,0.6090909090909091,0.6090909090909091,project0166.csv,0,DecisionTreeRegressor,DifferentialEvolutionCV,mmre,0.5404009819030762,0.0015037059783935547
0.7449908925318761,0.5333333333333333,7.0,7.0,3.5,3.5,project0175.csv,0,DecisionTreeRegressor,DefaultCV,mmre,0.012056112289428711,0.0010008811950683594
0.9323445225084569,0.8761904761904762,1.8571428571428572,1.8571428571428572,0.9285714285714286,0.9285714285714286,project0175.csv,0,DecisionTreeRegressor,DifferentialEvolutionCV,mmre,0.5409729480743408,0.002006053924560547
0.6629834254143646,0.0,2.0,2.0,1.0,1.0,project0181.csv,0,DecisionTreeRegressor,DefaultCV,mmre,0.012030839920043945,0.0010042190551757812
0.9617026619789051,0.8863636363636365,0.22727272727272707,0.22727272727272707,0.11363636363636354,0.11363636363636354,project0181.csv,0,DecisionTreeRegressor,DifferentialEvolutionCV,mmre,0.5552403926849365,0.0010025501251220703
0.9327327327327327,0.9069767441860466,2.0,2.0,0.2222222222222222,0.2222222222222222,project0204.csv,0,DecisionTreeRegressor,DefaultCV,mmre,0.012031316757202148,0.0010020732879638672
1.0,1.0,0.0,0.0,0.0,0.0,project0204.csv,0,DecisionTreeRegressor,DifferentialEvolutionCV,mmre,0.5534713268280029,0.0015034675598144531
-1.2332603938730853,-2.0,81.0,81.0,5.785714285714286,5.785714285714286,project0207.csv,0,DecisionTreeRegressor,DefaultCV,mmre,0.011530637741088867,0.0015041828155517578
-0.47964989059080976,-0.9876543209876545,53.66666666666667,53.66666666666667,3.8333333333333335,3.8333333333333335,project0207.csv,0,DecisionTreeRegressor,DifferentialEvolutionCV,mmre,0.5680060386657715,0.0010025501251220703
0.48769186214885607,0.546875,29.0,29.0,0.27884615384615385,0.27884615384615385,project0209.csv,0,DecisionTreeRegressor,DefaultCV,mmre,0.011530160903930664,0.0015041828155517578
0.907745277858223,0.9184027777777777,5.2222222222222285,5.2222222222222285,0.05021367521367527,0.05021367521367527,project0209.csv,0,DecisionTreeRegressor,DifferentialEvolutionCV,mmre,0.5690126419067383,0.0010023117065429688
1.0,1.0,0.0,0.0,0.0,0.0,project0224.csv,0,DecisionTreeRegressor,DefaultCV,mmre,0.012049436569213867,0.0010030269622802734
1.0,1.0,0.0,0.0,0.0,0.0,project0224.csv,0,DecisionTreeRegressor,DifferentialEvolutionCV,mmre,0.5520343780517578,0.0015037059783935547
0.5596330275229358,-3.0,4.0,4.0,1.3333333333333333,1.3333333333333333,project0229.csv,0,DecisionTreeRegressor,DefaultCV,mmre,0.011530876159667969,0.0015039443969726562
-1.311926605504587,-20.0,21.0,21.0,7.0,7.0,project0229.csv,0,DecisionTreeRegressor,DifferentialEvolutionCV,mmre,0.5494322776794434,0.0010025501251220703
0.5527156549520766,0.33333333333333337,7.0,7.0,2.3333333333333335,2.3333333333333335,project0244.csv,0,DecisionTreeRegressor,DefaultCV,mmre,0.012032747268676758,0.0019757747650146484
0.8083067092651757,0.7142857142857143,3.0,3.0,1.0,1.0,project0244.csv,0,DecisionTreeRegressor,DifferentialEvolutionCV,mmre,0.5619947910308838,0.0015037059783935547
-14.55172413793103,-2.6666666666666665,11.0,11.0,2.75,2.75,project0248.csv,0,DecisionTreeRegressor,DefaultCV,mmre,0.011530876159667969,0.0015110969543457031
1.0,1.0,0.0,0.0,0.0,0.0,project0248.csv,0,DecisionTreeRegressor,DifferentialEvolutionCV,mmre,0.5444469451904297,0.0010025501251220703
0.8030150753768844,0.7777777777777778,4.0,4.0,0.15384615384615385,0.15384615384615385,project0252.csv,0,DecisionTreeRegressor,DefaultCV,mmre,0.013033390045166016,0.0015041828155517578
0.9859296482412061,0.9841269841269842,0.2857142857142847,0.2857142857142847,0.01098901098901095,0.01098901098901095,project0252.csv,0,DecisionTreeRegressor,DifferentialEvolutionCV,mmre,0.5469348430633545,0.0010027885437011719
0.8584298584298584,0.75,2.0,2.0,0.3333333333333333,0.3333333333333333,project0312.csv,0,DecisionTreeRegressor,DefaultCV,mmre,0.012523412704467773,0.001508474349975586
0.823037323037323,0.6875,2.5,2.5,0.4166666666666667,0.4166666666666667,project0312.csv,0,DecisionTreeRegressor,DifferentialEvolutionCV,mmre,0.5589866638183594,0.0015039443969726562
0.7280042918454936,0.6829268292682926,13.0,13.0,0.6842105263157895,0.6842105263157895,project0317.csv,0,DecisionTreeRegressor,DefaultCV,mmre,0.012557029724121094,0.0015053749084472656
0.9267703862660944,0.9146341463414634,3.5,3.5,0.18421052631578946,0.18421052631578946,project0317.csv,0,DecisionTreeRegressor,DifferentialEvolutionCV,mmre,0.5584845542907715,0.0010030269622802734
1.0,1.0,0.0,0.0,0.0,0.0,project0319.csv,0,DecisionTreeRegressor,DefaultCV,mmre,0.012032032012939453,0.0014755725860595703
1.0,1.0,0.0,0.0,0.0,0.0,project0319.csv,0,DecisionTreeRegressor,DifferentialEvolutionCV,mmre,0.557549238204956,0.0015037059783935547
0.48238790315531865,0.5026455026455027,94.0,94.0,0.22596153846153846,0.22596153846153846,project0372.csv,0,DecisionTreeRegressor,DefaultCV,mmre,0.0125274658203125,0.0015041828155517578
0.95264399965038,0.9544973544973544,8.600000000000023,8.600000000000023,0.020673076923076978,0.020673076923076978,project0372.csv,0,DecisionTreeRegressor,DifferentialEvolutionCV,mmre,0.5439245700836182,0.0010025501251220703
0.9054290718038529,0.8823529411764706,2.0,2.0,0.13333333333333333,0.13333333333333333,project0373.csv,0,DecisionTreeRegressor,DefaultCV,mmre,0.012533426284790039,0.0015037059783935547
0.9763572679509632,0.9705882352941176,0.5,0.5,0.03333333333333333,0.03333333333333333,project0373.csv,0,DecisionTreeRegressor,DifferentialEvolutionCV,mmre,0.5634777545928955,0.0015039443969726562
0.8190205819730305,-0.25,5.0,5.0,6.0,6.0,project0375.csv,0,DecisionTreeRegressor,DefaultCV,mmre,0.012056589126586914,0.0010030269622802734
1.0,1.0,0.0,0.0,0.0,0.0,project0375.csv,0,DecisionTreeRegressor,DifferentialEvolutionCV,mmre,0.548959493637085,0.0010027885437011719
0.9328703703703703,0.9090909090909091,2.0,2.0,1.0,1.0,project0385.csv,0,DecisionTreeRegressor,DefaultCV,mmre,0.012004852294921875,0.0010271072387695312
1.0,1.0,0.0,0.0,0.0,0.0,project0385.csv,0,DecisionTreeRegressor,DifferentialEvolutionCV,mmre,0.5639986991882324,0.0015039443969726562
0.9276930644367929,0.4,3.0,3.0,0.6,0.6,project0395.csv,0,DecisionTreeRegressor,DefaultCV,mmre,0.012533187866210938,0.0015041828155517578
1.0,1.0,0.0,0.0,0.0,0.0,project0395.csv,0,DecisionTreeRegressor,DifferentialEvolutionCV,mmre,0.5394091606140137,0.0015037059783935547
0.8253275109170306,0.6703296703296704,15.0,15.0,0.13761467889908258,0.13761467889908258,project0396.csv,0,DecisionTreeRegressor,DefaultCV,mmre,0.012031793594360352,0.0015044212341308594
0.9966729049698482,0.9937205651491364,0.2857142857142918,0.2857142857142918,0.0026212319790302,0.0026212319790302,project0396.csv,0,DecisionTreeRegressor,DifferentialEvolutionCV,mmre,0.5720117092132568,0.0015037059783935547
0.5246478873239437,0.7096774193548387,9.0,9.0,0.18,0.18,project0422.csv,0,DecisionTreeRegressor,DefaultCV,mmre,0.012003660202026367,0.0015037059783935547
0.9507042253521129,0.9698924731182796,0.93333333333333,0.93333333333333,0.0186666666666666,0.0186666666666666,project0422.csv,0,DecisionTreeRegressor,DifferentialEvolutionCV,mmre,0.5269010066986084,0.0015041828155517578
-34.83333333333325,-2.185185185185185,43.0,43.0,1.303030303030303,1.303030303030303,project0429.csv,0,DecisionTreeRegressor,DefaultCV,mmre,0.01102900505065918,0.0010027885437011719
-10.533333333333308,-0.02518518518518542,13.840000000000003,13.840000000000003,0.4193939393939395,0.4193939393939395,project0429.csv,0,DecisionTreeRegressor,DifferentialEvolutionCV,mmre,0.5153632164001465,0.0010025501251220703
-0.8476658476658474,-1.6666666666666665,16.0,16.0,1.0,1.0,project0432.csv,0,DecisionTreeRegressor,DefaultCV,mmre,0.012032032012939453,0.0015037059783935547
0.786023991906345,0.6911764705882355,1.852941176470587,1.852941176470587,0.11580882352941169,0.11580882352941169,project0432.csv,0,DecisionTreeRegressor,DifferentialEvolutionCV,mmre,0.534921407699585,0.0010027885437011719
-3.477819347942276,-3.8965517241379306,142.0,142.0,2.784313725490196,2.784313725490196,project0462.csv,0,DecisionTreeRegressor,DefaultCV,mmre,0.012539386749267578,0.0015065670013427734
0.8002850525565651,0.7816091954022988,6.333333333333336,6.333333333333336,0.12418300653594776,0.12418300653594776,project0462.csv,0,DecisionTreeRegressor,DifferentialEvolutionCV,mmre,0.56500244140625,0.0010027885437011719
-1.4183251971460757,-1.277227722772277,115.0,115.0,8.214285714285714,8.214285714285714,project0483.csv,0,DecisionTreeRegressor,DefaultCV,mmre,0.012533903121948242,0.001504659652709961
-0.2641801081137727,-0.1904213677181672,60.116279069767444,60.116279069767444,4.294019933554817,4.294019933554817,project0483.csv,0,DecisionTreeRegressor,DifferentialEvolutionCV,mmre,0.5375044345855713,0.0010027885437011719
0.17368018362662585,-1.1052631578947367,20.0,20.0,0.6666666666666666,0.6666666666666666,project0503.csv,0,DecisionTreeRegressor,DefaultCV,mmre,0.012559652328491211,0.0015039443969726562
0.966947207345065,0.9157894736842105,0.8000000000000007,0.8000000000000007,0.02666666666666669,0.02666666666666669,project0503.csv,0,DecisionTreeRegressor,DifferentialEvolutionCV,mmre,0.5564792156219482,0.0015041828155517578
-0.40892728581713467,-0.2875000000000001,103.0,103.0,12.875,12.875,project0504.csv,0,DecisionTreeRegressor,DefaultCV,mmre,0.012537956237792969,0.0015037059783935547
-0.08747300215982712,0.006249999999999978,79.5,79.5,9.9375,9.9375,project0504.csv,0,DecisionTreeRegressor,DifferentialEvolutionCV,mmre,0.5645008087158203,0.0015041828155517578
-0.17318435754189943,0.16666666666666663,90.0,90.0,0.7377049180327869,0.7377049180327869,project0511.csv,0,DecisionTreeRegressor,DefaultCV,mmre,0.012533187866210938,0.0015044212341308594
0.9354748603351954,0.9541666666666666,4.950000000000003,4.950000000000003,0.0405737704918033,0.0405737704918033,project0511.csv,0,DecisionTreeRegressor,DifferentialEvolutionCV,mmre,0.538933515548706,0.0015037059783935547
1.0,0.0,0.0,0.0,0.0,0.0,project0515.csv,0,DecisionTreeRegressor,DefaultCV,mmre,0.01353597640991211,0.001504659652709961
-0.41996233521657245,-13.0,13.0,13.0,6.5,6.5,project0515.csv,0,DecisionTreeRegressor,DifferentialEvolutionCV,mmre,0.6647665500640869,0.0015041828155517578
-0.14068441064638804,-1.5,5.0,5.0,0.3333333333333333,0.3333333333333333,project0518.csv,0,DecisionTreeRegressor,DefaultCV,mmre,0.011530399322509766,0.0015041828155517578
0.9695817490494297,0.9333333333333336,0.13333333333333286,0.13333333333333286,0.008888888888888858,0.008888888888888858,project0518.csv,0,DecisionTreeRegressor,DifferentialEvolutionCV,mmre,0.5514659881591797,0.0015037059783935547
-3.796380090497739,-3.608695652173913,53.0,53.0,0.5353535353535354,0.5353535353535354,project0540.csv,0,DecisionTreeRegressor,DefaultCV,mmre,0.012031078338623047,0.0015039443969726562
-0.8681318681318682,-0.7950310559006208,20.64285714285714,20.64285714285714,0.20851370851370848,0.20851370851370848,project0540.csv,0,DecisionTreeRegressor,DifferentialEvolutionCV,mmre,0.5329163074493408,0.0015041828155517578
0.7165354330708662,0.19999999999999996,2.0,2.0,0.2857142857142857,0.2857142857142857,project0545.csv,0,DecisionTreeRegressor,DefaultCV,mmre,0.0115203857421875,0.0010025501251220703
0.2913385826771653,-1.0,5.0,5.0,0.7142857142857143,0.7142857142857143,project0545.csv,0,DecisionTreeRegressor,DifferentialEvolutionCV,mmre,0.5534720420837402,0.0010025501251220703
0.6214859437751004,0.5094339622641509,13.0,13.0,1.8571428571428572,1.8571428571428572,project0570.csv,0,DecisionTreeRegressor,DefaultCV,mmre,0.012032270431518555,0.0010020732879638672
0.9708835341365462,0.9622641509433962,1.0,1.0,0.14285714285714285,0.14285714285714285,project0570.csv,0,DecisionTreeRegressor,DifferentialEvolutionCV,mmre,0.5780363082885742,0.0010023117065429688
-0.1165644171779141,0.2222222222222222,14.0,14.0,0.7368421052631579,0.7368421052631579,project0578.csv,0,DecisionTreeRegressor,DefaultCV,mmre,0.014057397842407227,0.0010027885437011719
0.8165644171779141,0.8722222222222222,2.3000000000000007,2.3000000000000007,0.12105263157894741,0.12105263157894741,project0578.csv,0,DecisionTreeRegressor,DifferentialEvolutionCV,mmre,0.5404360294342041,0.0015041828155517578
-0.358490566037736,-2.0,3.0,3.0,1.0,1.0,project0581.csv,0,DecisionTreeRegressor,DefaultCV,mmre,0.012554407119750977,0.0015041828155517578
0.37735849056603765,-0.375,1.375,1.375,0.4583333333333333,0.4583333333333333,project0581.csv,0,DecisionTreeRegressor,DifferentialEvolutionCV,mmre,0.55948805809021,0.0015034675598144531
0.44545454545454544,-8.0,9.0,9.0,0.5,0.5,project0590.csv,0,DecisionTreeRegressor,DefaultCV,mmre,0.012059926986694336,0.0014760494232177734
0.8821256038647343,-0.913043478260871,1.913043478260871,1.913043478260871,0.10628019323671506,0.10628019323671506,project0590.csv,0,DecisionTreeRegressor,DifferentialEvolutionCV,mmre,0.5539722442626953,0.0015039443969726562
0.8777152051488335,0.9187817258883249,8.0,8.0,0.0784313725490196,0.0784313725490196,project0597.csv,0,DecisionTreeRegressor,DefaultCV,mmre,0.012565851211547852,0.0010342597961425781
0.9643336015017432,0.9763113367174281,2.3333333333333286,2.3333333333333286,0.022875816993464006,0.022875816993464006,project0597.csv,0,DecisionTreeRegressor,DifferentialEvolutionCV,mmre,0.543445348739624,0.0025064945220947266
0.9751665657177468,0.967741935483871,1.0,1.0,0.0136986301369863,0.0136986301369863,project0625.csv,0,DecisionTreeRegressor,DefaultCV,mmre,0.012564897537231445,0.001500844955444336
0.9838582677165353,0.979032258064516,0.6500000000000057,0.6500000000000057,0.008904109589041174,0.008904109589041174,project0625.csv,0,DecisionTreeRegressor,DifferentialEvolutionCV,mmre,0.5519669055938721,0.0010025501251220703
0.9680672268907563,0.9534883720930233,2.0,2.0,0.5,0.5,project0630.csv,0,DecisionTreeRegressor,DefaultCV,mmre,0.013034820556640625,0.0015249252319335938
0.9361344537815126,0.9069767441860466,4.0,4.0,1.0,1.0,project0630.csv,0,DecisionTreeRegressor,DifferentialEvolutionCV,mmre,0.5479578971862793,0.0015034675598144531
0.9491124260355029,0.8333333333333334,1.0,1.0,1.0,1.0,project0656.csv,0,DecisionTreeRegressor,DefaultCV,mmre,0.011546850204467773,0.0015034675598144531
0.9725989986345016,0.9102564102564102,0.5384615384615385,0.5384615384615385,0.5384615384615385,0.5384615384615385,project0656.csv,0,DecisionTreeRegressor,DifferentialEvolutionCV,mmre,0.5168745517730713,0.0010027885437011719
-6.966257668711654,-2.769230769230769,49.0,49.0,1.4848484848484849,1.4848484848484849,project0669.csv,0,DecisionTreeRegressor,DefaultCV,mmre,0.012533426284790039,0.0015041828155517578
0.9535495179666961,0.9780219780219781,0.2857142857142847,0.2857142857142847,0.008658008658008627,0.008658008658008627,project0669.csv,0,DecisionTreeRegressor,DifferentialEvolutionCV,mmre,0.5464482307434082,0.0015039443969726562
0.9324324324324325,0.8823529411764706,1.0,1.0,0.07692307692307693,0.07692307692307693,project0685.csv,0,DecisionTreeRegressor,DefaultCV,mmre,0.012032747268676758,0.0015037059783935547
0.9324324324324325,0.8823529411764706,1.0,1.0,0.07692307692307693,0.07692307692307693,project0685.csv,0,DecisionTreeRegressor,DifferentialEvolutionCV,mmre,0.5519676208496094,0.0015041828155517578
1.0,1.0,0.0,0.0,0.0,0.0,project0718.csv,0,DecisionTreeRegressor,DefaultCV,mmre,0.012532949447631836,0.0015041828155517578
1.0,1.0,0.0,0.0,0.0,0.0,project0718.csv,0,DecisionTreeRegressor,DifferentialEvolutionCV,mmre,0.5474565029144287,0.0015034675598144531
0.5411764705882354,0.5,25.0,25.0,1.3157894736842106,1.3157894736842106,project0720.csv,0,DecisionTreeRegressor,DefaultCV,mmre,0.011530637741088867,0.0015041828155517578
0.9181176470588236,0.9107692307692308,4.46153846153846,4.46153846153846,0.2348178137651821,0.2348178137651821,project0720.csv,0,DecisionTreeRegressor,DifferentialEvolutionCV,mmre,0.5544624328613281,0.0015044212341308594
-0.8099547511312222,-1.5,10.0,10.0,0.9090909090909091,0.9090909090909091,project0776.csv,0,DecisionTreeRegressor,DefaultCV,mmre,0.011497259140014648,0.0010030269622802734
0.8491704374057314,0.7916666666666665,0.8333333333333339,0.8333333333333339,0.07575757575757582,0.07575757575757582,project0776.csv,0,DecisionTreeRegressor,DifferentialEvolutionCV,mmre,0.5544745922088623,0.0015041828155517578
0.8530492285084497,0.7727272727272727,5.0,5.0,0.5,0.5,project0781.csv,0,DecisionTreeRegressor,DefaultCV,mmre,0.01102900505065918,0.0015044212341308594
0.9059515062454078,0.8545454545454546,3.1999999999999993,3.1999999999999993,0.31999999999999995,0.31999999999999995,project0781.csv,0,DecisionTreeRegressor,DifferentialEvolutionCV,mmre,0.5589869022369385,0.0015039443969726562
-0.7615658362989326,0.0,11.0,11.0,0.6111111111111112,0.6111111111111112,project0783.csv,0,DecisionTreeRegressor,DefaultCV,mmre,0.012532234191894531,0.0015041828155517578
0.9466192170818507,0.9696969696969698,0.33333333333333215,0.33333333333333215,0.01851851851851845,0.01851851851851845,project0783.csv,0,DecisionTreeRegressor,DifferentialEvolutionCV,mmre,0.5474555492401123,0.0010025501251220703
-9.666666666666666,0.19999999999999996,4.0,4.0,0.5,0.5,project0787.csv,0,DecisionTreeRegressor,DefaultCV,mmre,0.011498212814331055,0.0015041828155517578
-1.0,0.85,0.75,0.75,0.09375,0.09375,project0787.csv,0,DecisionTreeRegressor,DifferentialEvolutionCV,mmre,0.518378734588623,0.0010025501251220703
0.3584905660377359,0.5,5.0,5.0,0.5,0.5,project0792.csv,0,DecisionTreeRegressor,DefaultCV,mmre,0.012031793594360352,0.0015037059783935547
0.9358490566037736,0.95,0.5,0.5,0.05,0.05,project0792.csv,0,DecisionTreeRegressor,DifferentialEvolutionCV,mmre,0.5434439182281494,0.0015044212341308594
0.9120654396728016,0.8125,3.0,3.0,0.42857142857142855,0.42857142857142855,project0827.csv,0,DecisionTreeRegressor,DefaultCV,mmre,0.011029243469238281,0.0010025501251220703
0.9958126399844192,0.9910714285714286,0.14285714285714324,0.14285714285714324,0.020408163265306176,0.020408163265306176,project0827.csv,0,DecisionTreeRegressor,DifferentialEvolutionCV,mmre,0.566004753112793,0.0015037059783935547
0.7365702479338843,0.4736842105263158,10.0,10.0,5.0,5.0,project0838.csv,0,DecisionTreeRegressor,DefaultCV,mmre,0.013066530227661133,0.0015053749084472656
0.8024276859504132,0.6052631578947368,7.5,7.5,3.75,3.75,project0838.csv,0,DecisionTreeRegressor,DifferentialEvolutionCV,mmre,0.546452522277832,0.0010025501251220703
0.7912254160363086,-5.0,3.0,3.0,0.5,0.5,project0839.csv,0,DecisionTreeRegressor,DefaultCV,mmre,0.011524677276611328,0.0015041828155517578
1.0,1.0,0.0,0.0,0.0,0.0,project0839.csv,0,DecisionTreeRegressor,DifferentialEvolutionCV,mmre,0.5795447826385498,0.0015037059783935547
0.7325842696629212,-0.3999999999999999,7.0,7.0,0.17073170731707318,0.17073170731707318,project0847.csv,0,DecisionTreeRegressor,DefaultCV,mmre,0.012545585632324219,0.0015125274658203125
0.9702871410736579,0.8444444444444443,0.7777777777777786,0.7777777777777786,0.01897018970189704,0.01897018970189704,project0847.csv,0,DecisionTreeRegressor,DifferentialEvolutionCV,mmre,0.5624964237213135,0.0015032291412353516
0.9065656565656566,0.9094247246022031,37.0,37.0,2.8461538461538463,2.8461538461538463,project0853.csv,0,DecisionTreeRegressor,DefaultCV,mmre,0.017566919326782227,0.001504659652709961
0.9405162738496071,0.9423364613083095,23.555555555555557,23.555555555555557,1.8119658119658122,1.8119658119658122,project0853.csv,0,DecisionTreeRegressor,DifferentialEvolutionCV,mmre,0.5579829216003418,0.0010027885437011719
1.0,0.0,0.0,0.0,0.0,0.0,project0855.csv,0,DecisionTreeRegressor,DefaultCV,mmre,0.012063264846801758,0.001504659652709961
1.0,0.0,0.0,0.0,0.0,0.0,project0855.csv,0,DecisionTreeRegressor,DifferentialEvolutionCV,mmre,0.5494599342346191,0.001003265380859375
-0.13137557959814528,0.07692307692307687,12.0,12.0,0.5714285714285714,0.5714285714285714,project0859.csv,0,DecisionTreeRegressor,DefaultCV,mmre,0.01200246810913086,0.0015037059783935547
0.9614303779682449,0.9685314685314684,0.40909090909091006,0.40909090909091006,0.019480519480519525,0.019480519480519525,project0859.csv,0,DecisionTreeRegressor,DifferentialEvolutionCV,mmre,0.5715198516845703,0.0010023117065429688
-83.11764705882348,-8.166666666666666,55.0,55.0,9.166666666666666,9.166666666666666,project0882.csv,0,DecisionTreeRegressor,DefaultCV,mmre,0.01206064224243164,0.0009734630584716797
-3.588235294117645,0.5,3.0,3.0,0.5,0.5,project0882.csv,0,DecisionTreeRegressor,DifferentialEvolutionCV,mmre,0.5253617763519287,0.0015044212341308594
1.0,1.0,0.0,0.0,0.0,0.0,project0912.csv,0,DecisionTreeRegressor,DefaultCV,mmre,0.012058496475219727,0.0010056495666503906
0.975,0.9523809523809523,2.0,2.0,0.047619047619047616,0.047619047619047616,project0912.csv,0,DecisionTreeRegressor,DifferentialEvolutionCV,mmre,0.5544734001159668,0.0015039443969726562
0.6539440203562341,0.29166666666666663,17.0,17.0,1.2142857142857142,1.2142857142857142,project0931.csv,0,DecisionTreeRegressor,DefaultCV,mmre,0.012029647827148438,0.0015039443969726562
0.8606380896457232,0.7147435897435896,6.846153846153847,6.846153846153847,0.48901098901098905,0.48901098901098905,project0931.csv,0,DecisionTreeRegressor,DifferentialEvolutionCV,mmre,0.5309112071990967,0.0010030269622802734
0.8116438356164384,0.5,2.0,2.0,0.6666666666666666,0.6666666666666666,project0935.csv,0,DecisionTreeRegressor,DefaultCV,mmre,0.012039899826049805,0.0015032291412353516
1.0,1.0,0.0,0.0,0.0,0.0,project0935.csv,0,DecisionTreeRegressor,DifferentialEvolutionCV,mmre,0.5364198684692383,0.0010027885437011719
1.0,1.0,0.0,0.0,0.0,0.0,project0948.csv,0,DecisionTreeRegressor,DefaultCV,mmre,0.01203298568725586,0.001001596450805664
1.0,1.0,0.0,0.0,0.0,0.0,project0948.csv,0,DecisionTreeRegressor,DifferentialEvolutionCV,mmre,0.5384316444396973,0.0015044212341308594
-0.07569721115537842,-2.3333333333333335,5.0,5.0,0.29411764705882354,0.29411764705882354,project0956.csv,0,DecisionTreeRegressor,DefaultCV,mmre,0.011530876159667969,0.0015037059783935547
1.0,1.0,0.0,0.0,0.0,0.0,project0956.csv,0,DecisionTreeRegressor,DifferentialEvolutionCV,mmre,0.5464527606964111,0.0010023117065429688
-0.6645161290322583,-1.4,12.0,12.0,0.6666666666666666,0.6666666666666666,project0959.csv,0,DecisionTreeRegressor,DefaultCV,mmre,0.011530876159667969,0.0015041828155517578
0.5997235023041474,0.4228571428571428,2.885714285714286,2.885714285714286,0.16031746031746033,0.16031746031746033,project0959.csv,0,DecisionTreeRegressor,DifferentialEvolutionCV,mmre,0.5675089359283447,0.0010025501251220703
-0.807365439093485,0.33333333333333337,22.0,22.0,0.275,0.275,project0962.csv,0,DecisionTreeRegressor,DefaultCV,mmre,0.013040781021118164,0.0014910697937011719
0.7065965196276811,0.8917748917748918,3.5714285714285694,3.5714285714285694,0.044642857142857116,0.044642857142857116,project0962.csv,0,DecisionTreeRegressor,DifferentialEvolutionCV,mmre,0.5940616130828857,0.0015037059783935547
0.19658119658119666,-0.16666666666666674,14.0,14.0,0.4827586206896552,0.4827586206896552,project0963.csv,0,DecisionTreeRegressor,DefaultCV,mmre,0.014036893844604492,0.0015041828155517578
0.9234839234839236,0.888888888888889,1.3333333333333321,1.3333333333333321,0.04597701149425283,0.04597701149425283,project0963.csv,0,DecisionTreeRegressor,DifferentialEvolutionCV,mmre,0.5584709644317627,0.0010023117065429688
0.36563876651982374,0.052631578947368474,9.0,9.0,0.21951219512195122,0.21951219512195122,project0973.csv,0,DecisionTreeRegressor,DefaultCV,mmre,0.0120086669921875,0.0015041828155517578
0.923876651982379,0.8863157894736844,1.0799999999999983,1.0799999999999983,0.026341463414634104,0.026341463414634104,project0973.csv,0,DecisionTreeRegressor,DifferentialEvolutionCV,mmre,0.5544743537902832,0.0015037059783935547
1.0,1.0,0.0,0.0,0.0,0.0,project0996.csv,0,DecisionTreeRegressor,DefaultCV,mmre,0.011538505554199219,0.0014755725860595703
0.871894409937888,0.8695652173913042,0.2608695652173916,0.2608695652173916,0.0652173913043479,0.0652173913043479,project0996.csv,0,DecisionTreeRegressor,DifferentialEvolutionCV,mmre,0.5382306575775146,0.0015044212341308594
0.6584340514976353,0.6338028169014085,13.0,13.0,0.10569105691056911,0.10569105691056911,project0999.csv,0,DecisionTreeRegressor,DefaultCV,mmre,0.012560844421386719,0.0015034675598144531
0.984673322823612,0.983568075117371,0.5833333333333286,0.5833333333333286,0.004742547425474216,0.004742547425474216,project0999.csv,0,DecisionTreeRegressor,DifferentialEvolutionCV,mmre,0.5660052299499512,0.0015039443969726562
0.6341463414634145,-1.0,1.0,1.0,0.1,0.1,project1009.csv,0,DecisionTreeRegressor,DefaultCV,mmre,0.01305532455444336,0.0010027885437011719
1.0,1.0,0.0,0.0,0.0,0.0,project1009.csv,0,DecisionTreeRegressor,DifferentialEvolutionCV,mmre,0.5494601726531982,0.0010025501251220703
1.0,1.0,0.0,0.0,0.0,0.0,project1013.csv,0,DecisionTreeRegressor,DefaultCV,mmre,0.012032508850097656,0.0015039443969726562
1.0,1.0,0.0,0.0,0.0,0.0,project1013.csv,0,DecisionTreeRegressor,DifferentialEvolutionCV,mmre,0.5684802532196045,0.0015037059783935547
0.710344827586207,0.52,12.0,12.0,12.0,12.0,project1017.csv,0,DecisionTreeRegressor,DefaultCV,mmre,0.011029243469238281,0.0010330677032470703
0.806896551724138,0.6799999999999999,8.0,8.0,8.0,8.0,project1017.csv,0,DecisionTreeRegressor,DifferentialEvolutionCV,mmre,0.5654962062835693,0.0010025501251220703
-0.16281755196304837,0.0,19.0,19.0,0.6333333333333333,0.6333333333333333,project1020.csv,0,DecisionTreeRegressor,DefaultCV,mmre,0.012060403823852539,0.00150299072265625
0.4515455675963761,0.5283400809716601,8.96153846153846,8.96153846153846,0.29871794871794866,0.29871794871794866,project1020.csv,0,DecisionTreeRegressor,DifferentialEvolutionCV,mmre,0.5604825019836426,0.0010025501251220703
0.7883597883597884,0.7241379310344828,12.0,12.0,4.0,4.0,project1034.csv,0,DecisionTreeRegressor,DefaultCV,mmre,0.011015176773071289,0.0010004043579101562
0.9779541446208113,0.9712643678160919,1.25,1.25,0.4166666666666667,0.4166666666666667,project1034.csv,0,DecisionTreeRegressor,DifferentialEvolutionCV,mmre,0.5484285354614258,0.0010027885437011719
0.9710564399421129,0.9722222222222222,2.0,2.0,0.014492753623188406,0.014492753623188406,project1069.csv,0,DecisionTreeRegressor,DefaultCV,mmre,0.01253366470336914,0.0015337467193603516
0.9758803666184276,0.976851851851852,1.6666666666666572,1.6666666666666572,0.01207729468599027,0.01207729468599027,project1069.csv,0,DecisionTreeRegressor,DifferentialEvolutionCV,mmre,0.5514659881591797,0.0015044212341308594
-23.0625,-5.6,33.0,33.0,6.6,6.6,project1070.csv,0,DecisionTreeRegressor,DefaultCV,mmre,0.011529922485351562,0.0010027885437011719
0.5710784313725492,0.8823529411764707,0.5882352941176467,0.5882352941176467,0.11764705882352935,0.11764705882352935,project1070.csv,0,DecisionTreeRegressor,DifferentialEvolutionCV,mmre,0.5559468269348145,0.0015041828155517578
0.47663551401869153,-1.6666666666666665,4.0,4.0,4.0,4.0,project1088.csv,0,DecisionTreeRegressor,DefaultCV,mmre,0.011557340621948242,0.001506805419921875
0.8473520249221184,0.22222222222222232,1.1666666666666665,1.1666666666666665,1.1666666666666665,1.1666666666666665,project1088.csv,0,DecisionTreeRegressor,DifferentialEvolutionCV,mmre,0.5269017219543457,0.0015032291412353516
0.5256410256410255,-1.0,2.0,2.0,1.0,1.0,project1090.csv,0,DecisionTreeRegressor,DefaultCV,mmre,0.01153111457824707,0.0015304088592529297
0.9604700854700855,0.8333333333333333,0.16666666666666674,0.16666666666666674,0.08333333333333337,0.08333333333333337,project1090.csv,0,DecisionTreeRegressor,DifferentialEvolutionCV,mmre,0.5725224018096924,0.0015039443969726562
0.12767818102317452,-0.2068965517241379,35.0,35.0,7.0,7.0,project1097.csv,0,DecisionTreeRegressor,DefaultCV,mmre,0.013035058975219727,0.0010027885437011719
0.5214691735898558,0.33793103448275863,19.2,19.2,3.84,3.84,project1097.csv,0,DecisionTreeRegressor,DifferentialEvolutionCV,mmre,0.5562524795532227,0.001504659652709961
0.7924528301886793,0.0,1.0,1.0,0.5,0.5,project1098.csv,0,DecisionTreeRegressor,DefaultCV,mmre,0.012557029724121094,0.0010042190551757812
0.9769392033542977,0.8888888888888888,0.11111111111111116,0.11111111111111116,0.05555555555555558,0.05555555555555558,project1098.csv,0,DecisionTreeRegressor,DifferentialEvolutionCV,mmre,0.5403251647949219,0.0010027885437011719
-1.7132352941176472,-0.42105263157894735,27.0,27.0,1.35,1.35,project1105.csv,0,DecisionTreeRegressor,DefaultCV,mmre,0.012031793594360352,0.0010027885437011719
0.9849264705882355,0.9921052631578948,0.14999999999999858,0.14999999999999858,0.007499999999999929,0.007499999999999929,project1105.csv,0,DecisionTreeRegressor,DifferentialEvolutionCV,mmre,0.5574612617492676,0.0010027885437011719
0.557992565055762,0.5857142857142856,29.0,29.0,1.2083333333333333,1.2083333333333333,project1113.csv,0,DecisionTreeRegressor,DefaultCV,mmre,0.01253366470336914,0.0015037059783935547
0.9520977164099841,0.9551020408163265,3.1428571428571423,3.1428571428571423,0.13095238095238093,0.13095238095238093,project1113.csv,0,DecisionTreeRegressor,DifferentialEvolutionCV,mmre,0.5593421459197998,0.0010023117065429688
0.41516034985422734,0.47787610619469023,59.0,59.0,0.5,0.5,project1115.csv,0,DecisionTreeRegressor,DefaultCV,mmre,0.012059211730957031,0.0015039443969726562
0.6604956268221573,0.6969026548672566,34.25,34.25,0.2902542372881356,0.2902542372881356,project1115.csv,0,DecisionTreeRegressor,DifferentialEvolutionCV,mmre,0.5574820041656494,0.0015037059783935547
-0.7770034843205575,-10.333333333333334,17.0,17.0,0.85,0.85,project1128.csv,0,DecisionTreeRegressor,DefaultCV,mmre,0.0130615234375,0.001506805419921875
0.955201592832255,0.7142857142857153,0.42857142857142705,0.42857142857142705,0.021428571428571352,0.021428571428571352,project1128.csv,0,DecisionTreeRegressor,DifferentialEvolutionCV,mmre,0.5379676818847656,0.0010027885437011719
0.6527012127894156,0.3571428571428571,9.0,9.0,4.5,4.5,project1139.csv,0,DecisionTreeRegressor,DefaultCV,mmre,0.012031078338623047,0.0015037059783935547
0.971058434399118,0.9464285714285714,0.75,0.75,0.375,0.375,project1139.csv,0,DecisionTreeRegressor,DifferentialEvolutionCV,mmre,0.5634982585906982,0.0015039443969726562
-1.6845637583892614,-3.571428571428571,16.0,16.0,0.5925925925925926,0.5925925925925926,project1153.csv,0,DecisionTreeRegressor,DefaultCV,mmre,0.012058258056640625,0.0015063285827636719
0.9440715883668905,0.9047619047619051,0.33333333333333215,0.33333333333333215,0.012345679012345635,0.012345679012345635,project1153.csv,0,DecisionTreeRegressor,DifferentialEvolutionCV,mmre,0.540938138961792,0.0015041828155517578
-7.093750000000016,-1.3333333333333335,7.0,7.0,0.3684210526315789,0.3684210526315789,project1167.csv,0,DecisionTreeRegressor,DefaultCV,mmre,0.013016939163208008,0.001003265380859375
0.0,0.7117117117117122,0.8648648648648631,0.8648648648648631,0.04551920341394017,0.04551920341394017,project1167.csv,0,DecisionTreeRegressor,DifferentialEvolutionCV,mmre,0.532512903213501,0.0015032291412353516
0.7793427230046949,0.5769230769230769,11.0,11.0,11.0,11.0,project1168.csv,0,DecisionTreeRegressor,DefaultCV,mmre,0.012528657913208008,0.0010039806365966797
0.9130744060321525,0.8333333333333334,4.333333333333333,4.333333333333333,4.333333333333333,4.333333333333333,project1168.csv,0,DecisionTreeRegressor,DifferentialEvolutionCV,mmre,0.546452522277832,0.0010025501251220703
0.22580645161290325,0.4,3.0,3.0,0.6,0.6,project1179.csv,0,DecisionTreeRegressor,DefaultCV,mmre,0.012038946151733398,0.0014967918395996094
0.7935483870967742,0.8400000000000001,0.7999999999999998,0.7999999999999998,0.15999999999999998,0.15999999999999998,project1179.csv,0,DecisionTreeRegressor,DifferentialEvolutionCV,mmre,0.5210361480712891,0.0015039443969726562
0.7946685878962536,0.4444444444444444,5.0,5.0,0.45454545454545453,0.45454545454545453,project1189.csv,0,DecisionTreeRegressor,DefaultCV,mmre,0.01160287857055664,0.0010027885437011719
0.9835734870317002,0.9555555555555555,0.40000000000000036,0.40000000000000036,0.0363636363636364,0.0363636363636364,project1189.csv,0,DecisionTreeRegressor,DifferentialEvolutionCV,mmre,0.5369272232055664,0.0015034675598144531
0.6354486313980606,0.564516129032258,54.0,54.0,27.0,27.0,project1203.csv,0,DecisionTreeRegressor,DefaultCV,mmre,0.012032032012939453,0.0010027885437011719
0.8366269792561679,0.8048387096774193,24.2,24.2,12.1,12.1,project1203.csv,0,DecisionTreeRegressor,DifferentialEvolutionCV,mmre,0.5173375606536865,0.0015041828155517578
0.9116719242902208,0.8775510204081632,3.0,3.0,0.15789473684210525,0.15789473684210525,project1217.csv,0,DecisionTreeRegressor,DefaultCV,mmre,0.011529922485351562,0.0015048980712890625
0.932055326377093,0.9058084772370487,2.3076923076923066,2.3076923076923066,0.12145748987854245,0.12145748987854245,project1217.csv,0,DecisionTreeRegressor,DifferentialEvolutionCV,mmre,0.5750288963317871,0.0010025501251220703
-1.4615384615384617,-3.0,4.0,4.0,4.0,4.0,project1223.csv,0,DecisionTreeRegressor,DefaultCV,mmre,0.012038946151733398,0.0015034675598144531
0.3846153846153846,0.0,1.0,1.0,1.0,1.0,project1223.csv,0,DecisionTreeRegressor,DifferentialEvolutionCV,mmre,0.5304107666015625,0.0010023117065429688
0.9406631762652705,0.9245283018867925,4.0,4.0,1.0,1.0,project1239.csv,0,DecisionTreeRegressor,DefaultCV,mmre,0.01250314712524414,0.0015041828155517578
1.0,1.0,0.0,0.0,0.0,0.0,project1239.csv,0,DecisionTreeRegressor,DifferentialEvolutionCV,mmre,0.5765330791473389,0.0010030269622802734
-14.624999999999986,0.23076923076923073,5.0,5.0,0.7142857142857143,0.7142857142857143,project1244.csv,0,DecisionTreeRegressor,DefaultCV,mmre,0.012057781219482422,0.0009765625
0.10714285714285832,0.9560439560439561,0.2857142857142856,0.2857142857142856,0.04081632653061223,0.04081632653061223,project1244.csv,0,DecisionTreeRegressor,DifferentialEvolutionCV,mmre,0.5464043617248535,0.001003265380859375
0.966022651565623,-1.0,1.0,1.0,0.5,0.5,project1247.csv,0,DecisionTreeRegressor,DefaultCV,mmre,0.011527776718139648,0.0010020732879638672
1.0,0.0,0.0,0.0,0.0,0.0,project1247.csv,0,DecisionTreeRegressor,DifferentialEvolutionCV,mmre,0.5589532852172852,0.0010025501251220703
-1.7000000000000002,-32.0,33.0,33.0,16.5,16.5,project1254.csv,0,DecisionTreeRegressor,DefaultCV,mmre,0.012023448944091797,0.0015034675598144531
0.2090909090909091,-8.666666666666666,9.666666666666666,9.666666666666666,4.833333333333333,4.833333333333333,project1254.csv,0,DecisionTreeRegressor,DifferentialEvolutionCV,mmre,0.5257432460784912,0.0010025501251220703
0.9145118733509234,0.8823529411764706,3.0,3.0,1.0,1.0,project1262.csv,0,DecisionTreeRegressor,DefaultCV,mmre,0.012012004852294922,0.0015041828155517578
0.9145118733509234,0.8823529411764706,3.0,3.0,1.0,1.0,project1262.csv,0,DecisionTreeRegressor,DifferentialEvolutionCV,mmre,0.5294063091278076,0.0015039443969726562
-6.6789772727272725,-7.833333333333334,53.0,53.0,7.571428571428571,7.571428571428571,project1339.csv,0,DecisionTreeRegressor,DefaultCV,mmre,0.012025833129882812,0.0009779930114746094
0.0,-0.15032679738562105,6.901960784313726,6.901960784313726,0.9859943977591037,0.9859943977591037,project1339.csv,0,DecisionTreeRegressor,DifferentialEvolutionCV,mmre,0.542943000793457,0.0010025501251220703
0.7755406413124534,0.6818181818181819,7.0,7.0,1.0,1.0,project1341.csv,0,DecisionTreeRegressor,DefaultCV,mmre,0.01202535629272461,0.001001119613647461
0.9786229182202336,0.9696969696969697,0.666666666666667,0.666666666666667,0.09523809523809527,0.09523809523809527,project1341.csv,0,DecisionTreeRegressor,DifferentialEvolutionCV,mmre,0.5389199256896973,0.0010023117065429688
-0.02477341389728105,0.4666666666666667,32.0,32.0,0.5,0.5,project1342.csv,0,DecisionTreeRegressor,DefaultCV,mmre,0.011026144027709961,0.0015001296997070312
0.9815245177782941,0.9903846153846153,0.5769230769230802,0.5769230769230802,0.009014423076923128,0.009014423076923128,project1342.csv,0,DecisionTreeRegressor,DifferentialEvolutionCV,mmre,0.535891056060791,0.0015037059783935547
0.9127423822714681,0.9047619047619048,2.0,2.0,0.18181818181818182,0.18181818181818182,project1364.csv,0,DecisionTreeRegressor,DefaultCV,mmre,0.012493371963500977,0.0015041828155517578
0.9563711911357341,0.9523809523809523,1.0,1.0,0.09090909090909091,0.09090909090909091,project1364.csv,0,DecisionTreeRegressor,DifferentialEvolutionCV,mmre,0.5449478626251221,0.0010025501251220703
0.6206156048675734,0.0,20.0,20.0,0.5128205128205128,0.5128205128205128,project1365.csv,0,DecisionTreeRegressor,DefaultCV,mmre,0.01305389404296875,0.0015037059783935547
1.0,1.0,0.0,0.0,0.0,0.0,project1365.csv,0,DecisionTreeRegressor,DifferentialEvolutionCV,mmre,0.5334174633026123,0.0015039443969726562
-0.9575569358178055,-2.1,31.0,31.0,2.5833333333333335,2.5833333333333335,project1432.csv,0,DecisionTreeRegressor,DefaultCV,mmre,0.012032270431518555,0.0015037059783935547
0.023078796736085705,-0.5470588235294116,15.470588235294116,15.470588235294116,1.2892156862745097,1.2892156862745097,project1432.csv,0,DecisionTreeRegressor,DifferentialEvolutionCV,mmre,0.5379250049591064,0.0010027885437011719
0.7479224376731302,-3.666666666666667,14.0,14.0,1.75,1.75,project1453.csv,0,DecisionTreeRegressor,DefaultCV,mmre,0.012017965316772461,0.0015034675598144531
1.0,1.0,0.0,0.0,0.0,0.0,project1453.csv,0,DecisionTreeRegressor,DifferentialEvolutionCV,mmre,0.5474557876586914,0.0015037059783935547
0.8231186966640807,0.8095238095238095,4.0,4.0,1.3333333333333333,1.3333333333333333,project1456.csv,0,DecisionTreeRegressor,DefaultCV,mmre,0.012033224105834961,0.0014755725860595703
0.29247478665632276,0.23809523809523814,16.0,16.0,5.333333333333333,5.333333333333333,project1456.csv,0,DecisionTreeRegressor,DifferentialEvolutionCV,mmre,0.5691609382629395,0.0015039443969726562
0.6177202588352414,-0.18518518518518512,16.0,16.0,0.8888888888888888,0.8888888888888888,project1457.csv,0,DecisionTreeRegressor,DefaultCV,mmre,0.012523174285888672,0.0015037059783935547
0.7184100120884591,0.1269841269841271,11.785714285714285,11.785714285714285,0.6547619047619047,0.6547619047619047,project1457.csv,0,DecisionTreeRegressor,DifferentialEvolutionCV,mmre,0.5344209671020508,0.0010027885437011719
0.9356164383561644,0.8,1.0,1.0,0.125,0.125,project1473.csv,0,DecisionTreeRegressor,DefaultCV,mmre,0.012535333633422852,0.0010018348693847656
0.9914155251141552,0.9733333333333333,0.13333333333333375,0.13333333333333375,0.01666666666666672,0.01666666666666672,project1473.csv,0,DecisionTreeRegressor,DifferentialEvolutionCV,mmre,0.5529701709747314,0.0015037059783935547
0.2625749884633133,-10.333333333333334,34.0,34.0,0.6296296296296297,0.6296296296296297,project1474.csv,0,DecisionTreeRegressor,DefaultCV,mmre,0.012034416198730469,0.001001119613647461
0.9363323756642898,0.021505376344085447,2.9354838709677438,2.9354838709677438,0.054360812425328586,0.054360812425328586,project1474.csv,0,DecisionTreeRegressor,DifferentialEvolutionCV,mmre,0.5590784549713135,0.0010027885437011719
0.8960725075528702,-3.0,4.0,4.0,0.6666666666666666,0.6666666666666666,project1480.csv,0,DecisionTreeRegressor,DefaultCV,mmre,0.012032270431518555,0.0010025501251220703
0.9591713422529132,-0.5714285714285712,1.5714285714285712,1.5714285714285712,0.26190476190476186,0.26190476190476186,project1480.csv,0,DecisionTreeRegressor,DifferentialEvolutionCV,mmre,0.5394341945648193,0.0015037059783935547
-0.2906137184115525,0.0714285714285714,13.0,13.0,0.8666666666666667,0.8666666666666667,project1481.csv,0,DecisionTreeRegressor,DefaultCV,mmre,0.012513399124145508,0.0010025501251220703
0.9338146811071,0.9523809523809524,0.6666666666666661,0.6666666666666661,0.044444444444444405,0.044444444444444405,project1481.csv,0,DecisionTreeRegressor,DifferentialEvolutionCV,mmre,0.553471565246582,0.0015039443969726562
0.48453608247422675,-1.0,2.0,2.0,0.6666666666666666,0.6666666666666666,project1489.csv,0,DecisionTreeRegressor,DefaultCV,mmre,0.011028766632080078,0.0015039443969726562
0.9838917525773195,0.9375,0.0625,0.0625,0.020833333333333332,0.020833333333333332,project1489.csv,0,DecisionTreeRegressor,DifferentialEvolutionCV,mmre,0.5439457893371582,0.0010023117065429688
0.7964981830194913,0.7454545454545455,14.0,14.0,4.666666666666667,4.666666666666667,project1493.csv,0,DecisionTreeRegressor,DefaultCV,mmre,0.012058258056640625,0.0010035037994384766
-2.0089197224975224,-2.7636363636363637,207.0,207.0,69.0,69.0,project1493.csv,0,DecisionTreeRegressor,DifferentialEvolutionCV,mmre,0.5750014781951904,0.0015039443969726562
0.6736453201970444,0.4444444444444444,25.0,25.0,1.6666666666666667,1.6666666666666667,project1502.csv,0,DecisionTreeRegressor,DefaultCV,mmre,0.012538671493530273,0.0015015602111816406
0.767200328407225,0.6037037037037036,17.833333333333336,17.833333333333336,1.188888888888889,1.188888888888889,project1502.csv,0,DecisionTreeRegressor,DifferentialEvolutionCV,mmre,0.5127909183502197,0.0015039443969726562
-194.49999999999514,-0.3076923076923077,17.0,17.0,0.4722222222222222,0.4722222222222222,project1524.csv,0,DecisionTreeRegressor,DefaultCV,mmre,0.011556386947631836,0.0015032291412353516
-52.39285714285581,0.6428571428571429,4.642857142857142,4.642857142857142,0.12896825396825395,0.12896825396825395,project1524.csv,0,DecisionTreeRegressor,DifferentialEvolutionCV,mmre,0.5530300140380859,0.0010025501251220703
0.9512428298279159,0.75,1.0,1.0,0.1111111111111111,0.1111111111111111,project1526.csv,0,DecisionTreeRegressor,DefaultCV,mmre,0.012039899826049805,0.0009741783142089844
0.9965173449877083,0.9821428571428572,0.07142857142857117,0.07142857142857117,0.007936507936507908,0.007936507936507908,project1526.csv,0,DecisionTreeRegressor,DifferentialEvolutionCV,mmre,0.5403876304626465,0.0015044212341308594
-1.1999999999999997,0.0,6.0,6.0,0.8571428571428571,0.8571428571428571,project1540.csv,0,DecisionTreeRegressor,DefaultCV,mmre,0.011522293090820312,0.0015106201171875
-1.1999999999999997,0.0,6.0,6.0,0.8571428571428571,0.8571428571428571,project1540.csv,0,DecisionTreeRegressor,DifferentialEvolutionCV,mmre,0.5735881328582764,0.0015037059783935547
-0.6184971098265895,-0.07692307692307687,14.0,14.0,0.875,0.875,project1546.csv,0,DecisionTreeRegressor,DefaultCV,mmre,0.012532949447631836,0.0015041828155517578
0.6030828516377649,0.735897435897436,3.4333333333333336,3.4333333333333336,0.21458333333333335,0.21458333333333335,project1546.csv,0,DecisionTreeRegressor,DifferentialEvolutionCV,mmre,0.5269014835357666,0.0015034675598144531
-1.881443298969074,-2.25,13.0,13.0,0.4642857142857143,0.4642857142857143,project1553.csv,0,DecisionTreeRegressor,DefaultCV,mmre,0.012534856796264648,0.00150299072265625
0.9597000937207119,0.9545454545454541,0.18181818181818343,0.18181818181818343,0.006493506493506551,0.006493506493506551,project1553.csv,0,DecisionTreeRegressor,DifferentialEvolutionCV,mmre,0.5389120578765869,0.0010027885437011719
-9.935754189944143,-1.806451612903226,87.0,87.0,0.71900826446281,0.71900826446281,project1626.csv,0,DecisionTreeRegressor,DefaultCV,mmre,0.013046026229858398,0.0015015602111816406
0.0,0.7433691756272404,7.955555555555549,7.955555555555549,0.06574839302112023,0.06574839302112023,project1626.csv,0,DecisionTreeRegressor,DifferentialEvolutionCV,mmre,0.5309116840362549,0.0015039443969726562
