Dataset,original dim,intrinsic dim_L1,intrinsic dim_L2,No. of instances
Project0605,14,2.02,5.44,45
Project1441,14,2.24,8.87,44
Project1226,14,2.33,2.91,48
Project0527,14,2.46,3.43,47
Project1431,14,2.53,2.53,59
Project0358,14,2.53,2.77,35
Project0729,14,2.53,3.43,53
Project1022,14,2.53,3.43,59
Project0976,14,2.53,2.53,47
Project0334,14,2.60,2.77,56
Project0720,14,2.67,2.01,41
Project0433,14,2.67,6.86,48
Project0597,14,2.68,3.43,48
Project0996,14,2.77,3.43,48
Project0444,14,2.77,5.44,57
Project1183,14,2.77,5.44,62
Project0128,14,2.77,6.86,38
Project0052,14,2.86,5.44,40
Project0014,14,2.91,2.13,51
Project0300,14,2.91,2.53,33
Project0327,14,2.91,2.91,32
Project0364,14,2.91,3.43,46
Project0196,14,2.91,4.54,40
Project0682,14,2.91,4.54,34
Project1247,14,2.91,4.54,55
Project0007,14,2.91,5.44,55
Project1062,14,3.00,3.43,48
Project0031,14,3.00,5.44,39
Project1306,14,3.00,5.44,40
Project0763,14,3.09,2.87,35
Project0496,14,3.09,3.43,44
Project0949,14,3.10,3.43,45
Project1296,14,3.23,6.86,56
Project0045,14,3.24,3.43,41
Project0987,14,3.43,2.40,54
Project0002,14,3.43,3.43,39
Project0815,14,3.43,3.43,39
Project0853,14,3.43,3.43,39
Project0985,14,3.43,3.43,51
Project1353,14,3.43,3.43,41
Project0244,14,3.43,3.43,39
Project0755,14,3.43,3.43,39
Project1470,14,3.43,3.43,56
Project0184,14,3.43,5.44,42
Project0831,14,3.43,5.44,39
Project0663,14,3.43,7.97,59
Project0770,14,3.43,2.01,40
Project1082,14,3.43,2.01,39
Project1477,14,3.43,2.24,60
Project1025,14,3.43,2.33,36
Project0228,14,3.43,2.53,35
Project0372,14,3.43,2.53,33
Project0884,14,3.43,2.53,41
Project1426,14,3.43,2.53,44
Project0891,14,3.43,2.77,46
Project1249,14,3.43,2.77,44
Project0598,14,3.43,2.77,39
Project0008,14,3.43,3.43,39
Project1386,14,3.43,3.43,39
Project1412,14,3.43,3.43,41
Project0017,14,3.43,3.43,46
Project0082,14,3.43,3.43,35
Project0085,14,3.43,3.43,45
Project0118,14,3.43,3.43,43
Project0125,14,3.43,3.43,42
Project0126,14,3.43,3.43,42
Project0131,14,3.43,3.43,42
Project0134,14,3.43,3.43,47
Project0140,14,3.43,3.43,42
Project0166,14,3.43,3.43,51
Project0175,14,3.43,3.43,28
Project0177,14,3.43,3.43,46
Project0222,14,3.43,3.43,40
Project0230,14,3.43,3.43,49
Project0283,14,3.43,3.43,60
Project0298,14,3.43,3.43,46
Project0299,14,3.43,3.43,38
Project0342,14,3.43,3.43,55
Project0350,14,3.43,3.43,52
Project0389,14,3.43,3.43,60
Project0404,14,3.43,3.43,55
Project0412,14,3.43,3.43,45
Project0422,14,3.43,3.43,53
Project0432,14,3.43,3.43,28
Project0436,14,3.43,3.43,57
Project0449,14,3.43,3.43,52
Project0468,14,3.43,3.43,51
Project0479,14,3.43,3.43,38
Project0486,14,3.43,3.43,57
Project0490,14,3.43,3.43,58
Project0498,14,3.43,3.43,48
Project0501,14,3.43,3.43,38
Project0507,14,3.43,3.43,55
Project0508,14,3.43,3.43,42
Project0510,14,3.43,3.43,40
Project0522,14,3.43,3.43,61
Project0544,14,3.43,3.43,36
Project0574,14,3.43,3.43,59
Project0664,14,3.43,3.43,30
Project0672,14,3.43,3.43,45
Project0674,14,3.43,3.43,41
Project0699,14,3.43,3.43,37
Project0713,14,3.43,3.43,44
Project0736,14,3.43,3.43,59
Project0740,14,3.43,3.43,43
Project0769,14,3.43,3.43,40
Project0772,14,3.43,3.43,49
Project0786,14,3.43,3.43,38
Project0796,14,3.43,3.43,53
Project0805,14,3.43,3.43,54
Project0822,14,3.43,3.43,43
Project0860,14,3.43,3.43,62
Project0865,14,3.43,3.43,36
Project0866,14,3.43,3.43,47
Project0883,14,3.43,3.43,27
Project0886,14,3.43,3.43,53
Project0890,14,3.43,3.43,56
Project0930,14,3.43,3.43,61
Project0982,14,3.43,3.43,38
Project0984,14,3.43,3.43,47
Project1006,14,3.43,3.43,32
Project1012,14,3.43,3.43,44
Project1018,14,3.43,3.43,50
Project1020,14,3.43,3.43,51
Project1031,14,3.43,3.43,33
Project1032,14,3.43,3.43,49
Project1052,14,3.43,3.43,45
Project1078,14,3.43,3.43,45
Project1091,14,3.43,3.43,38
Project1092,14,3.43,3.43,44
Project1145,14,3.43,3.43,56
Project1168,14,3.43,3.43,38
Project1180,14,3.43,3.43,33
Project1181,14,3.43,3.43,37
Project1215,14,3.43,3.43,43
Project1224,14,3.43,3.43,33
Project1229,14,3.43,3.43,53
Project1245,14,3.43,3.43,51
Project1251,14,3.43,3.43,27
Project1259,14,3.43,3.43,28
Project1272,14,3.43,3.43,46
Project1287,14,3.43,3.43,41
Project1289,14,3.43,3.43,42
Project1297,14,3.43,3.43,60
Project1343,14,3.43,3.43,54
Project1344,14,3.43,3.43,52
Project1360,14,3.43,3.43,46
Project1365,14,3.43,3.43,64
Project1370,14,3.43,3.43,53
Project1374,14,3.43,3.43,41
Project1398,14,3.43,3.43,44
Project1444,14,3.43,3.43,45
Project1449,14,3.43,3.43,56
Project1456,14,3.43,3.43,48
Project1460,14,3.43,3.43,44
Project1463,14,3.43,3.43,50
Project1467,14,3.43,3.43,49
Project1486,14,3.43,3.43,35
Project1500,14,3.43,3.43,51
Project1528,14,3.43,3.43,37
Project1532,14,3.43,3.43,28
Project1548,14,3.43,3.43,56
Project1565,14,3.43,3.43,40
Project1579,14,3.43,3.43,38
Project1599,14,3.43,3.43,40
Project1605,14,3.43,3.43,49
Project1606,14,3.43,3.43,40
Project1617,14,3.43,3.43,53
Project1624,14,3.43,3.43,59
Project1451,14,3.43,3.90,44
Project0599,14,3.43,4.01,54
Project0001,14,3.43,4.19,41
Project0925,14,3.43,4.19,36
Project1518,14,3.43,4.19,38
Project0053,14,3.43,4.54,54
Project0096,14,3.43,4.54,48
Project0274,14,3.43,4.54,57
Project0469,14,3.43,4.54,49
Project0495,14,3.43,4.54,38
Project0612,14,3.43,4.54,49
Project0652,14,3.43,4.54,36
Project0743,14,3.43,4.54,59
Project0874,14,3.43,4.54,52
Project0994,14,3.43,4.54,40
Project1310,14,3.43,4.54,45
Project1337,14,3.43,4.54,34
Project1383,14,3.43,4.54,47
Project0192,14,3.43,5.44,46
Project0313,14,3.43,5.44,56
Project0360,14,3.43,5.44,58
Project0419,14,3.43,5.44,58
Project0443,14,3.43,5.44,54
Project0539,14,3.43,5.44,51
Project0547,14,3.43,5.44,42
Project0577,14,3.43,5.44,60
Project1030,14,3.43,5.44,61
Project1298,14,3.43,5.44,51
Project1375,14,3.43,5.44,47
Project1399,14,3.43,5.44,51
Project1434,14,3.43,5.44,47
Project1472,14,3.43,5.44,44
Project1481,14,3.43,5.44,44
Project1604,14,3.43,5.44,51
Project0137,14,3.43,5.44,40
Project0325,14,3.43,5.44,52
Project0340,14,3.43,5.44,38
Project0429,14,3.43,5.44,48
Project0454,14,3.43,5.44,38
Project0600,14,3.43,5.44,53
Project0624,14,3.43,5.44,43
Project0625,14,3.43,5.44,59
Project0641,14,3.43,5.44,62
Project0659,14,3.43,5.44,35
Project0687,14,3.43,5.44,37
Project0709,14,3.43,5.44,48
Project0764,14,3.43,5.44,40
Project0768,14,3.43,5.44,48
Project0862,14,3.43,5.44,37
Project0916,14,3.43,5.44,52
Project1132,14,3.43,5.44,36
Project1393,14,3.43,5.44,57
Project1567,14,3.43,5.44,37
Project1611,14,3.43,5.44,33
Project0338,14,3.43,6.86,42
Project0753,14,3.43,6.86,63
Project1563,14,3.43,6.86,40
Project1152,14,3.43,10.88,33
Project1094,14,3.46,5.44,54
Project1036,14,3.47,4.54,50
Project1059,14,3.51,5.44,45
Project0452,14,3.53,3.43,56
Project0226,14,3.55,3.43,55
Project0418,14,3.55,4.54,52
Project0489,14,3.55,3.43,37
Project1048,14,3.56,4.54,34
Project1117,14,3.56,3.43,38
Project0643,14,3.57,3.43,27
Project0277,14,3.59,2.53,42
Project1458,14,3.59,3.43,49
Project1225,14,3.59,4.54,37
Project1608,14,3.59,5.44,51
Project0832,14,3.60,3.77,45
Project1207,14,3.60,3.43,61
Project0385,14,3.61,5.44,59
Project1128,14,3.61,6.86,53
Project0601,14,3.62,3.43,39
Project0962,14,3.62,6.86,47
Project0914,14,3.63,2.67,48
Project0033,14,3.63,3.43,39
Project0076,14,3.63,3.43,53
Project0665,14,3.63,3.43,35
Project0997,14,3.63,3.43,56
Project1290,14,3.63,3.43,35
Project0516,14,3.63,3.83,59
Project0030,14,3.65,2.12,42
Project0552,14,3.65,2.67,42
Project0670,14,3.67,3.43,54
Project1019,14,3.67,3.43,56
Project0154,14,3.67,5.44,50
Project0899,14,3.69,3.43,43
Project0922,14,3.70,3.43,35
Project1197,14,3.70,3.43,41
Project0603,14,3.72,3.43,51
Project0460,14,3.72,3.43,55
Project0051,14,3.73,3.43,49
Project0239,14,3.73,3.43,62
Project0928,14,3.73,3.43,59
Project0936,14,3.73,3.43,56
Project0310,14,3.73,5.44,62
Project0089,14,3.75,3.43,41
Project0785,14,3.75,5.44,62
Project0395,14,3.77,3.43,51
Project1519,14,3.77,3.43,49
Project0406,14,3.77,5.01,36
Project0336,14,3.77,5.44,35
Project0749,14,3.77,6.86,55
Project1252,14,3.79,3.43,46
Project1347,14,3.80,5.44,55
Project0375,14,3.80,3.43,51
Project0903,14,3.81,3.43,54
Project0333,14,3.83,2.77,48
Project0168,14,3.83,3.43,52
Project0240,14,3.83,3.43,58
Project0272,14,3.83,3.43,53
Project0317,14,3.83,3.43,62
Project0515,14,3.83,3.43,54
Project0639,14,3.83,3.43,58
Project0834,14,3.83,3.43,49
Project0877,14,3.83,3.43,49
Project0954,14,3.83,3.43,41
Project1368,14,3.83,5.44,55
Project0829,14,3.85,3.43,54
Project0981,14,3.85,3.43,45
Project0684,14,3.85,3.43,40
Project0287,14,3.86,3.43,54
Project1377,14,3.86,3.43,32
Project0722,14,3.90,2.33,40
Project0111,14,3.90,3.43,51
Project0234,14,3.90,3.43,40
Project0835,14,3.90,3.43,48
Project1039,14,3.90,3.43,57
Project0573,14,3.90,4.01,39
Project1619,14,3.90,4.19,47
Project0430,14,3.90,4.86,51
Project0974,14,3.90,5.44,49
Project1523,14,3.90,6.86,42
Project0989,14,3.90,7.97,60
Project0167,14,3.93,3.43,45
Project0673,14,3.94,3.43,47
Project0606,14,3.94,4.01,61
Project0093,14,3.97,4.54,45
Project1212,14,3.97,3.43,31
Project0492,14,3.98,3.00,56
Project0919,14,4.01,3.43,58
Project1101,14,4.01,3.43,44
Project1230,14,4.01,3.43,44
Project1248,14,4.01,3.43,52
Project1415,14,4.01,3.43,33
Project1534,14,4.01,3.43,45
Project1564,14,4.01,3.43,49
Project1277,14,4.01,3.90,45
Project0950,14,4.01,4.01,60
Project0907,14,4.01,4.54,40
Project0580,14,4.01,4.73,46
Project0110,14,4.01,5.44,52
Project1540,14,4.01,6.86,29
Project1076,14,4.01,3.00,42
Project0046,14,4.01,3.43,30
Project0067,14,4.01,3.43,40
Project0225,14,4.01,3.43,51
Project0933,14,4.01,3.43,55
Project1121,14,4.01,3.43,51
Project1281,14,4.01,3.43,54
Project1529,14,4.01,3.43,39
Project0662,14,4.01,4.19,39
Project0147,14,4.01,4.54,57
Project1512,14,4.01,5.44,54
Project1307,14,4.01,6.86,40
Project0271,14,4.03,3.43,64
Project1134,14,4.03,3.43,53
Project1163,14,4.06,6.86,52
Project0511,14,4.08,3.43,55
Project0018,14,4.12,2.17,56
Project0967,14,4.12,3.43,52
Project1192,14,4.12,3.43,51
Project1586,14,4.12,3.43,36
Project1530,14,4.12,5.44,46
Project0872,14,4.14,5.44,53
Project0241,14,4.15,3.43,53
Project0614,14,4.15,3.43,37
Project0537,14,4.16,2.88,60
Project1099,14,4.19,2.01,45
Project0217,14,4.19,2.53,32
Project0958,14,4.19,2.53,41
Project1057,14,4.19,3.11,49
Project0025,14,4.19,3.43,49
Project0029,14,4.19,3.43,57
Project0324,14,4.19,3.43,62
Project0365,14,4.19,3.43,59
Project0560,14,4.19,3.43,43
Project0734,14,4.19,3.43,50
Project0918,14,4.19,3.43,50
Project1137,14,4.19,3.43,53
Project1397,14,4.19,3.43,62
Project1594,14,4.19,3.43,53
Project1625,14,4.19,3.43,41
Project0716,14,4.19,3.57,57
Project0745,14,4.19,3.68,49
Project0487,14,4.19,4.01,53
Project1089,14,4.19,4.54,57
Project0819,14,4.19,4.86,44
Project0233,14,4.19,5.44,60
Project0762,14,4.19,5.44,41
Project0414,14,4.19,5.44,26
Project0679,14,4.19,5.44,23
Project1387,14,4.19,5.44,40
Project0480,14,4.19,6.20,41
Project0344,14,4.19,6.86,43
Project0423,14,4.19,6.86,31
Project0538,14,4.19,6.86,52
Project1621,14,4.19,9.63,59
Project0039,14,4.19,3.43,22
Project0362,14,4.19,3.43,49
Project0776,14,4.19,3.43,54
Project0898,14,4.19,3.43,44
Project1040,14,4.19,3.43,51
Project1104,14,4.19,3.43,47
Project1427,14,4.19,3.43,51
Project1345,14,4.19,3.73,47
Project0363,14,4.19,4.86,24
Project0590,14,4.19,5.44,54
Project0066,14,4.19,6.20,60
Project0256,14,4.19,6.86,44
Project1141,14,4.19,6.86,42
Project1070,14,4.22,4.54,51
Project0558,14,4.24,3.43,42
Project0797,14,4.26,3.43,54
Project0700,14,4.28,3.43,48
Project1035,14,4.28,3.43,41
Project1068,14,4.28,3.43,58
Project0405,14,4.30,5.44,42
Project0393,14,4.33,3.43,41
Project0653,14,4.33,3.43,58
Project0804,14,4.33,3.43,63
Project1420,14,4.33,3.43,51
Project1491,14,4.33,3.43,32
Project1603,14,4.33,3.43,48
Project0678,14,4.33,4.54,41
Project0509,14,4.33,5.44,44
Project0411,14,4.33,5.44,55
Project0833,14,4.36,3.33,51
Project0681,14,4.36,3.43,59
Project0330,14,4.37,3.43,59
Project0455,14,4.38,3.43,56
Project0374,14,4.39,3.43,55
Project0707,14,4.39,3.43,64
Project1596,14,4.39,3.43,57
Project0145,14,4.39,3.90,54
Project0224,14,4.39,4.19,60
Project1231,14,4.39,3.43,41
Project0379,14,4.39,4.54,44
Project1587,14,4.42,3.83,43
Project0784,14,4.44,3.83,46
Project0015,14,4.44,2.94,45
Project0462,14,4.44,3.43,61
Project0521,14,4.44,3.43,57
Project0472,14,4.46,3.43,62
Project0101,14,4.46,4.54,63
Project1270,14,4.46,4.73,48
Project0955,14,4.48,3.43,60
Project0630,14,4.48,3.06,56
Project0921,14,4.48,5.44,51
Project0897,14,4.54,2.53,49
Project0265,14,4.54,2.71,46
Project0564,14,4.54,3.06,44
Project0647,14,4.54,3.06,55
Project0047,14,4.54,3.43,41
Project0706,14,4.54,3.43,56
Project0012,14,4.54,3.43,33
Project0026,14,4.54,3.43,35
Project0041,14,4.54,3.43,40
Project0059,14,4.54,3.43,43
Project0060,14,4.54,3.43,44
Project0062,14,4.54,3.43,59
Project0133,14,4.54,3.43,41
Project0135,14,4.54,3.43,33
Project0170,14,4.54,3.43,55
Project0199,14,4.54,3.43,61
Project0270,14,4.54,3.43,62
Project0279,14,4.54,3.43,47
Project0356,14,4.54,3.43,25
Project0369,14,4.54,3.43,44
Project0376,14,4.54,3.43,52
Project0426,14,4.54,3.43,42
Project0463,14,4.54,3.43,60
Project0470,14,4.54,3.43,50
Project0485,14,4.54,3.43,35
Project0494,14,4.54,3.43,47
Project0565,14,4.54,3.43,41
Project0581,14,4.54,3.43,51
Project0587,14,4.54,3.43,61
Project0689,14,4.54,3.43,58
Project0698,14,4.54,3.43,29
Project0742,14,4.54,3.43,45
Project0810,14,4.54,3.43,51
Project0826,14,4.54,3.43,60
Project0858,14,4.54,3.43,42
Project0875,14,4.54,3.43,62
Project0917,14,4.54,3.43,33
Project0951,14,4.54,3.43,47
Project0977,14,4.54,3.43,53
Project0991,14,4.54,3.43,59
Project1001,14,4.54,3.43,51
Project1056,14,4.54,3.43,38
Project1071,14,4.54,3.43,36
Project1081,14,4.54,3.43,45
Project1096,14,4.54,3.43,54
Project1098,14,4.54,3.43,58
Project1120,14,4.54,3.43,48
Project1133,14,4.54,3.43,48
Project1160,14,4.54,3.43,38
Project1173,14,4.54,3.43,32
Project1216,14,4.54,3.43,46
Project1220,14,4.54,3.43,62
Project1280,14,4.54,3.43,56
Project1299,14,4.54,3.43,47
Project1379,14,4.54,3.43,32
Project1389,14,4.54,3.43,23
Project1402,14,4.54,3.43,30
Project1430,14,4.54,3.43,40
Project1454,14,4.54,3.43,53
Project1455,14,4.54,3.43,55
Project1561,14,4.54,3.43,43
Project1573,14,4.54,3.43,40
Project1612,14,4.54,3.43,62
Project0307,14,4.54,3.70,42
Project0888,14,4.54,3.90,51
Project1371,14,4.54,4.01,45
Project0830,14,4.54,4.19,41
Project1421,14,4.54,4.19,44
Project0115,14,4.54,4.19,47
Project0144,14,4.54,4.19,63
Project0609,14,4.54,4.33,47
Project0185,14,4.54,4.54,52
Project0394,14,4.54,4.54,45
Project0752,14,4.54,4.54,32
Project0878,14,4.54,4.54,61
Project1200,14,4.54,4.54,56
Project1300,14,4.54,4.54,40
Project1312,14,4.54,4.54,41
Project1313,14,4.54,4.54,41
Project1598,14,4.54,4.54,62
Project0061,14,4.54,4.86,52
Project0384,14,4.54,4.86,59
Project0968,14,4.54,4.86,52
Project0416,14,4.54,5.01,39
Project0686,14,4.54,5.44,61
Project0702,14,4.54,5.44,42
Project0767,14,4.54,5.44,50
Project0777,14,4.54,5.44,41
Project1008,14,4.54,5.44,50
Project1050,14,4.54,5.44,36
Project1115,14,4.54,5.44,51
Project1198,14,4.54,5.44,44
Project0027,14,4.54,5.44,48
Project0108,14,4.54,5.44,55
Project0201,14,4.54,5.44,62
Project0582,14,4.54,5.44,25
Project0795,14,4.54,5.44,57
Project0841,14,4.54,5.44,40
Project0920,14,4.54,5.44,59
Project1087,14,4.54,5.44,37
Project1088,14,4.54,5.44,57
Project1284,14,4.54,5.44,35
Project1466,14,4.54,5.44,55
Project1535,14,4.54,5.44,41
Project1574,14,4.54,5.44,40
Project1610,14,4.54,5.44,38
Project0965,14,4.54,5.60,40
Project0377,14,4.54,6.86,50
Project1004,14,4.54,6.86,45
Project1358,14,4.54,6.86,44
Project1459,14,4.54,7.45,58
Project0130,14,4.54,7.97,55
Project0526,14,4.54,7.97,44
Project0618,14,4.54,7.97,42
Project0669,14,4.54,3.43,39
Project0410,14,4.54,5.44,39
Project1038,14,4.54,6.86,39
Project0666,14,4.58,3.53,52
Project0760,14,4.58,5.44,48
Project1615,14,4.58,5.44,59
Project1588,14,4.60,3.43,61
Project0421,14,4.61,2.57,63
Project0637,14,4.61,2.77,41
Project0200,14,4.61,5.44,49
Project1276,14,4.62,4.19,55
Project1488,14,4.64,3.43,57
Project0315,14,4.64,3.83,54
Project0559,14,4.64,4.54,53
Project0554,14,4.67,3.43,61
Project1422,14,4.68,2.77,40
Project0275,14,4.68,3.43,41
Project0164,14,4.68,3.43,28
Project1526,14,4.68,3.43,46
Project0910,14,4.68,3.67,45
Project0604,14,4.68,3.77,59
Project0960,14,4.68,4.01,44
Project0331,14,4.68,5.44,62
Project0193,14,4.68,6.86,50
Project1556,14,4.70,3.32,54
Project0139,14,4.71,4.19,43
Project0024,14,4.73,3.43,49
Project1090,14,4.73,3.43,47
Project1158,14,4.73,3.43,49
Project1331,14,4.73,3.43,50
Project1411,14,4.73,3.43,51
Project1478,14,4.73,4.54,51
Project0048,14,4.73,5.44,49
Project0219,14,4.73,5.44,50
Project1053,14,4.73,3.43,41
Project0178,14,4.73,3.43,56
Project0973,14,4.73,3.83,57
Project1205,14,4.73,5.44,52
Project0129,14,4.73,6.86,52
Project1178,14,4.73,7.97,45
Project0261,14,4.75,2.77,47
Project0400,14,4.75,3.43,41
Project0979,14,4.78,4.54,47
Project1577,14,4.79,5.44,46
Project1118,14,4.80,4.54,53
Project0044,14,4.80,6.86,48
Project0213,14,4.82,5.76,44
Project0694,14,4.82,5.44,46
Project0070,14,4.86,3.43,47
Project0072,14,4.86,3.43,38
Project0188,14,4.86,3.43,43
Project0190,14,4.86,3.43,59
Project0221,14,4.86,3.43,51
Project0232,14,4.86,3.43,39
Project0251,14,4.86,3.43,59
Project0519,14,4.86,3.43,61
Project0654,14,4.86,3.43,53
Project0731,14,4.86,3.43,42
Project0809,14,4.86,3.43,54
Project0838,14,4.86,3.43,25
Project0896,14,4.86,3.43,54
Project1075,14,4.86,3.43,49
Project1221,14,4.86,3.43,56
Project1626,14,4.86,3.43,55
Project1324,14,4.86,3.77,42
Project0765,14,4.86,4.14,45
Project0381,14,4.86,4.19,41
Project0825,14,4.86,4.19,59
Project0728,14,4.86,4.19,39
Project1348,14,4.86,4.19,39
Project0484,14,4.86,4.54,57
Project0913,14,4.86,4.86,42
Project0162,14,4.86,5.44,51
Project0906,14,4.86,5.44,58
Project0980,14,4.86,5.44,41
Project1204,14,4.86,5.44,56
Project1254,14,4.86,5.44,51
Project1274,14,4.86,5.44,46
Project0212,14,4.86,5.44,53
Project0292,14,4.86,5.44,63
Project0571,14,4.86,5.44,59
Project0622,14,4.86,5.44,59
Project1188,14,4.86,5.44,53
Project1355,14,4.86,5.44,57
Project0079,14,4.86,6.86,45
Project0972,14,4.86,6.86,44
Project1265,14,4.86,6.86,54
Project1498,14,4.86,6.86,42
Project0282,14,4.87,4.54,40
Project1064,14,4.89,3.43,41
Project0314,14,4.89,4.54,48
Project0112,14,4.92,3.43,49
Project0156,14,4.92,3.43,42
Project0191,14,4.92,3.43,52
Project0993,14,4.94,3.43,52
Project0894,14,4.94,3.62,51
Project0081,14,4.94,2.67,28
Project1335,14,4.94,3.43,48
Project0253,14,4.97,5.44,50
Project0725,14,4.98,5.44,59
Project0861,14,4.98,5.44,47
Project0103,14,5.01,3.43,46
Project0578,14,5.01,3.43,40
Project0869,14,5.01,3.43,36
Project1222,14,5.01,3.43,49
Project1236,14,5.01,3.43,49
Project0790,14,5.01,3.67,57
Project1489,14,5.01,3.90,38
Project0238,14,5.01,4.33,37
Project0528,14,5.01,4.54,60
Project0589,14,5.01,4.54,56
Project0236,14,5.01,4.86,39
Project0023,14,5.01,5.44,56
Project0602,14,5.01,5.44,61
Project1602,14,5.01,5.44,50
Project0661,14,5.01,5.44,37
Project0963,14,5.01,5.44,59
Project1381,14,5.01,6.86,54
Project0895,14,5.01,7.97,47
Project0071,14,5.01,3.43,54
Project0231,14,5.01,3.43,51
Project1501,14,5.01,3.43,51
Project1356,14,5.05,3.43,61
Project0607,14,5.06,3.43,56
Project0923,14,5.06,3.65,55
Project0090,14,5.06,4.73,55
Project1497,14,5.06,3.43,60
Project1352,14,5.06,7.97,45
Project0106,14,5.08,3.63,55
Project1187,14,5.10,2.77,47
Project0105,14,5.10,3.43,51
Project0555,14,5.10,5.76,61
Project0042,14,5.10,3.43,58
Project1340,14,5.10,3.43,52
Project0247,14,5.10,5.44,58
Project0648,14,5.10,5.44,55
Project0820,14,5.10,7.97,58
Project0065,14,5.13,3.73,42
Project1338,14,5.13,4.54,37
Project1124,14,5.16,3.90,49
Project0380,14,5.16,5.44,60
Project1575,14,5.16,7.97,62
Project1432,14,5.20,3.43,34
Project1474,14,5.20,3.43,48
Project1126,14,5.20,3.95,33
Project1206,14,5.20,5.44,44
Project0827,14,5.20,5.44,57
Project1527,14,5.20,7.97,52
Project0617,14,5.25,3.43,62
Project0771,14,5.29,4.19,47
Project1074,14,5.32,3.43,48
Project1410,14,5.32,3.43,61
Project0136,14,5.33,5.44,45
Project1547,14,5.44,2.53,61
Project1159,14,5.44,2.60,49
Project1130,14,5.44,2.67,47
Project1416,14,5.44,2.67,60
Project0427,14,5.44,2.91,43
Project0260,14,5.44,3.00,60
Project0836,14,5.44,3.11,41
Project1266,14,5.44,3.32,51
Project0242,14,5.44,3.43,39
Project0438,14,5.44,3.43,31
Project0541,14,5.44,3.43,41
Project1476,14,5.44,3.43,39
Project0019,14,5.44,3.43,46
Project0036,14,5.44,3.43,39
Project0057,14,5.44,3.43,44
Project0080,14,5.44,3.43,44
Project0155,14,5.44,3.43,46
Project0176,14,5.44,3.43,61
Project0186,14,5.44,3.43,42
Project0206,14,5.44,3.43,51
Project0207,14,5.44,3.43,47
Project0235,14,5.44,3.43,46
Project0285,14,5.44,3.43,43
Project0294,14,5.44,3.43,58
Project0357,14,5.44,3.43,61
Project0447,14,5.44,3.43,47
Project0466,14,5.44,3.43,41
Project0488,14,5.44,3.43,50
Project0499,14,5.44,3.43,60
Project0556,14,5.44,3.43,56
Project0569,14,5.44,3.43,60
Project0588,14,5.44,3.43,54
Project0616,14,5.44,3.43,47
Project0621,14,5.44,3.43,61
Project0628,14,5.44,3.43,49
Project0629,14,5.44,3.43,56
Project0657,14,5.44,3.43,44
Project0741,14,5.44,3.43,31
Project0748,14,5.44,3.43,54
Project0774,14,5.44,3.43,46
Project0802,14,5.44,3.43,56
Project0837,14,5.44,3.43,46
Project0840,14,5.44,3.43,47
Project0945,14,5.44,3.43,56
Project1065,14,5.44,3.43,42
Project1072,14,5.44,3.43,60
Project1097,14,5.44,3.43,27
Project1106,14,5.44,3.43,42
Project1127,14,5.44,3.43,44
Project1155,14,5.44,3.43,50
Project1162,14,5.44,3.43,51
Project1209,14,5.44,3.43,44
Project1303,14,5.44,3.43,61
Project1304,14,5.44,3.43,46
Project1305,14,5.44,3.43,54
Project1316,14,5.44,3.43,58
Project1364,14,5.44,3.43,27
Project1376,14,5.44,3.43,51
Project1380,14,5.44,3.43,24
Project1408,14,5.44,3.43,50
Project1418,14,5.44,3.43,50
Project1445,14,5.44,3.43,33
Project1450,14,5.44,3.43,44
Project1457,14,5.44,3.43,58
Project1533,14,5.44,3.43,34
Project1546,14,5.44,3.43,50
Project1013,14,5.44,3.72,49
Project0611,14,5.44,3.90,43
Project1047,14,5.44,3.90,50
Project0202,14,5.44,4.01,58
Project0337,14,5.44,4.01,44
Project0593,14,5.44,4.01,58
Project0583,14,5.44,4.01,56
Project0645,14,5.44,4.19,47
Project0346,14,5.44,4.19,51
Project0359,14,5.44,4.19,51
Project1628,14,5.44,4.33,42
Project0038,14,5.44,4.54,46
Project0120,14,5.44,4.54,47
Project0160,14,5.44,4.54,43
Project0189,14,5.44,4.54,60
Project0533,14,5.44,4.54,51
Project0567,14,5.44,4.54,44
Project1235,14,5.44,4.54,42
Project1391,14,5.44,4.54,45
Project1571,14,5.44,4.54,47
Project1616,14,5.44,4.54,42
Project0116,14,5.44,4.54,39
Project1191,14,5.44,4.73,47
Project0149,14,5.44,5.01,50
Project0148,14,5.44,5.10,42
Project0005,14,5.44,5.44,61
Project0124,14,5.44,5.44,44
Project0237,14,5.44,5.44,47
Project0305,14,5.44,5.44,47
Project0457,14,5.44,5.44,47
Project0493,14,5.44,5.44,42
Project0503,14,5.44,5.44,60
Project0675,14,5.44,5.44,56
Project0717,14,5.44,5.44,50
Project0758,14,5.44,5.44,42
Project0773,14,5.44,5.44,60
Project0798,14,5.44,5.44,34
Project0808,14,5.44,5.44,61
Project0828,14,5.44,5.44,44
Project0904,14,5.44,5.44,42
Project0934,14,5.44,5.44,46
Project0959,14,5.44,5.44,60
Project1107,14,5.44,5.44,54
Project1182,14,5.44,5.44,50
Project1258,14,5.44,5.44,54
Project1260,14,5.44,5.44,39
Project1417,14,5.44,5.44,39
Project1419,14,5.44,5.44,41
Project1452,14,5.44,5.44,47
Project1490,14,5.44,5.44,51
Project1504,14,5.44,5.44,61
Project1591,14,5.44,5.44,44
Project0215,14,5.44,5.44,45
Project1189,14,5.44,5.44,45
Project1319,14,5.44,5.96,60
Project0719,14,5.44,6.20,60
Project1174,14,5.44,6.20,42
Project0249,14,5.44,6.86,42
Project0476,14,5.44,6.86,50
Project0500,14,5.44,6.86,42
Project1055,14,5.44,6.86,60
Project1213,14,5.44,6.86,51
Project1542,14,5.44,6.86,50
Project0028,14,5.44,7.97,41
Project0523,14,5.44,7.97,58
Project0415,14,5.44,2.01,48
Project0636,14,5.44,2.01,35
Project0995,14,5.44,2.01,48
Project1291,14,5.44,2.33,33
Project0549,14,5.44,2.44,45
Project1156,14,5.44,2.44,37
Project0182,14,5.44,2.53,62
Project1193,14,5.44,2.53,48
Project1359,14,5.44,2.53,36
Project0846,14,5.44,2.77,48
Project1029,14,5.44,2.77,57
Project1333,14,5.44,2.77,32
Project1515,14,5.44,2.77,38
Project1286,14,5.44,2.81,50
Project0034,14,5.44,2.81,43
Project1557,14,5.44,3.06,55
Project1279,14,5.44,3.43,34
Project0050,14,5.44,3.43,37
Project0077,14,5.44,3.43,36
Project0104,14,5.44,3.43,48
Project0150,14,5.44,3.43,45
Project0198,14,5.44,3.43,62
Project0203,14,5.44,3.43,44
Project0227,14,5.44,3.43,54
Project0229,14,5.44,3.43,57
Project0250,14,5.44,3.43,28
Project0263,14,5.44,3.43,44
Project0335,14,5.44,3.43,36
Project0339,14,5.44,3.43,59
Project0382,14,5.44,3.43,32
Project0390,14,5.44,3.43,62
Project0402,14,5.44,3.43,55
Project0409,14,5.44,3.43,36
Project0428,14,5.44,3.43,45
Project0440,14,5.44,3.43,25
Project0446,14,5.44,3.43,48
Project0548,14,5.44,3.43,43
Project0566,14,5.44,3.43,55
Project0575,14,5.44,3.43,62
Project0576,14,5.44,3.43,23
Project0579,14,5.44,3.43,40
Project0586,14,5.44,3.43,60
Project0677,14,5.44,3.43,55
Project0705,14,5.44,3.43,45
Project0759,14,5.44,3.43,40
Project0789,14,5.44,3.43,28
Project0793,14,5.44,3.43,35
Project0800,14,5.44,3.43,39
Project0801,14,5.44,3.43,48
Project0848,14,5.44,3.43,52
Project0849,14,5.44,3.43,48
Project0854,14,5.44,3.43,53
Project0887,14,5.44,3.43,55
Project0905,14,5.44,3.43,53
Project0927,14,5.44,3.43,62
Project0988,14,5.44,3.43,43
Project1011,14,5.44,3.43,35
Project1026,14,5.44,3.43,26
Project1034,14,5.44,3.43,45
Project1042,14,5.44,3.43,59
Project1066,14,5.44,3.43,43
Project1095,14,5.44,3.43,36
Project1108,14,5.44,3.43,62
Project1144,14,5.44,3.43,43
Project1146,14,5.44,3.43,35
Project1149,14,5.44,3.43,38
Project1150,14,5.44,3.43,43
Project1199,14,5.44,3.43,40
Project1227,14,5.44,3.43,49
Project1228,14,5.44,3.43,49
Project1239,14,5.44,3.43,59
Project1268,14,5.44,3.43,57
Project1269,14,5.44,3.43,57
Project1320,14,5.44,3.43,32
Project1346,14,5.44,3.43,38
Project1357,14,5.44,3.43,38
Project1384,14,5.44,3.43,53
Project1400,14,5.44,3.43,45
Project1433,14,5.44,3.43,62
Project1435,14,5.44,3.43,40
Project1480,14,5.44,3.43,52
Project1487,14,5.44,3.43,59
Project1601,14,5.44,3.43,36
Project1609,14,5.44,3.43,49
Project1613,14,5.44,3.43,62
Project0512,14,5.44,3.90,64
Project0536,14,5.44,3.90,38
Project1143,14,5.44,3.90,40
Project1234,14,5.44,3.90,57
Project1242,14,5.44,3.90,49
Project1572,14,5.44,3.90,48
Project0004,14,5.44,3.93,64
Project0456,14,5.44,4.01,26
Project1116,14,5.44,4.01,52
Project1465,14,5.44,4.01,51
Project1372,14,5.44,4.12,45
Project0392,14,5.44,4.19,62
Project0520,14,5.44,4.19,55
Project0859,14,5.44,4.19,43
Project1336,14,5.44,4.19,53
Project1407,14,5.44,4.19,48
Project0197,14,5.44,4.33,49
Project0992,14,5.44,4.33,45
Project1595,14,5.44,4.33,49
Project0268,14,5.44,4.42,57
Project0281,14,5.44,4.54,45
Project0301,14,5.44,4.54,62
Project0352,14,5.44,4.54,44
Project0398,14,5.44,4.54,62
Project0594,14,5.44,4.54,55
Project0737,14,5.44,4.54,52
Project0751,14,5.44,4.54,37
Project0799,14,5.44,4.54,41
Project0900,14,5.44,4.54,57
Project0961,14,5.44,4.54,44
Project1027,14,5.44,4.54,45
Project1396,14,5.44,4.54,58
Project1448,14,5.44,4.54,40
Project1543,14,5.44,4.54,40
Project1592,14,5.44,4.54,53
Project1623,14,5.44,4.54,52
Project1351,14,5.44,4.86,41
Project1403,14,5.44,4.86,45
Project0855,14,5.44,5.01,32
Project0909,14,5.44,5.01,62
Project0074,14,5.44,5.44,41
Project0328,14,5.44,5.44,44
Project0353,14,5.44,5.44,41
Project0999,14,5.44,5.44,47
Project1369,14,5.44,5.44,54
Project1406,14,5.44,5.44,58
Project1576,14,5.44,5.44,46
Project0049,14,5.44,5.44,36
Project0086,14,5.44,5.44,62
Project0095,14,5.44,5.44,30
Project0157,14,5.44,5.44,62
Project0169,14,5.44,5.44,38
Project0280,14,5.44,5.44,55
Project0284,14,5.44,5.44,64
Project0306,14,5.44,5.44,33
Project0316,14,5.44,5.44,62
Project0326,14,5.44,5.44,57
Project0373,14,5.44,5.44,64
Project0386,14,5.44,5.44,30
Project0453,14,5.44,5.44,45
Project0491,14,5.44,5.44,49
Project0514,14,5.44,5.44,38
Project0535,14,5.44,5.44,45
Project0540,14,5.44,5.44,57
Project0642,14,5.44,5.44,59
Project0739,14,5.44,5.44,43
Project0779,14,5.44,5.44,32
Project0824,14,5.44,5.44,64
Project0843,14,5.44,5.44,63
Project0864,14,5.44,5.44,62
Project0908,14,5.44,5.44,26
Project0911,14,5.44,5.44,48
Project0915,14,5.44,5.44,59
Project0939,14,5.44,5.44,55
Project1007,14,5.44,5.44,38
Project1100,14,5.44,5.44,53
Project1232,14,5.44,5.44,52
Project1244,14,5.44,5.44,30
Project1321,14,5.44,5.44,63
Project1332,14,5.44,5.44,45
Project1388,14,5.44,5.44,32
Project1390,14,5.44,5.44,23
Project1404,14,5.44,5.44,49
Project1405,14,5.44,5.44,35
Project1461,14,5.44,5.44,37
Project1511,14,5.44,5.44,43
Project1569,14,5.44,5.44,51
Project1597,14,5.44,5.44,33
Project0216,14,5.44,5.83,49
Project0273,14,5.44,5.83,48
Project1620,14,5.44,6.20,46
Project0122,14,5.44,6.86,49
Project0591,14,5.44,6.86,62
Project0632,14,5.44,6.86,43
Project0975,14,5.44,6.86,48
Project1520,14,5.44,6.86,45
Project1551,14,5.44,6.86,32
Project0892,14,5.44,7.26,38
Project0546,14,5.44,7.97,55
Project1264,14,5.44,7.97,43
Project0445,14,5.44,8.87,45
Project1301,14,5.44,8.87,54
Project1536,14,5.44,8.87,36
Project1394,14,5.44,9.63,40
Project0727,14,5.48,3.43,52
Project1061,14,5.56,3.83,62
Project1196,14,5.56,4.54,49
Project0204,14,5.60,6.20,62
Project0078,14,5.60,6.86,55
Project0289,14,5.62,3.15,55
Project1243,14,5.62,3.51,56
Project1283,14,5.64,3.43,51
Project1554,14,5.67,6.86,44
Project1618,14,5.69,3.83,44
Project0075,14,5.71,5.44,54
Project0902,14,5.71,6.86,47
Project1240,14,5.71,7.97,52
Project0971,14,5.73,5.44,51
Project0171,14,5.73,5.44,64
Project0794,14,5.76,3.43,54
Project1201,14,5.76,3.43,59
Project0465,14,5.76,3.83,46
Project0388,14,5.76,4.54,44
Project1273,14,5.76,5.44,46
Project1330,14,5.76,5.44,59
Project0152,14,5.76,3.43,60
Project0474,14,5.76,3.43,55
Project1170,14,5.76,3.43,61
Project0341,14,5.76,5.44,41
Project0723,14,5.76,5.44,53
Project1292,14,5.76,5.44,55
Project0811,14,5.79,3.90,63
Project0478,14,5.79,4.01,41
Project0671,14,5.80,3.93,55
Project1009,14,5.83,3.43,53
Project1037,14,5.83,3.43,42
Project1438,14,5.83,4.01,47
Project0254,14,5.83,4.19,64
Project0073,14,5.83,4.54,43
Project0159,14,5.83,4.86,56
Project1157,14,5.83,5.01,53
Project0054,14,5.83,5.16,43
Project1151,14,5.83,5.44,31
Project0901,14,5.83,5.44,45
Project0990,14,5.83,5.44,55
Project0088,14,5.83,6.86,28
Project0744,14,5.83,6.86,59
Project1293,14,5.83,6.86,48
Project1314,14,5.86,3.43,48
Project0482,14,5.89,3.43,47
Project1282,14,5.89,4.39,63
Project0332,14,5.89,4.01,41
Project1354,14,5.91,4.86,51
Project0022,14,5.96,2.77,64
Project1073,14,5.96,3.06,43
Project0258,14,5.96,3.43,59
Project1003,14,5.96,3.43,52
Project1010,14,5.96,3.43,31
Project1217,14,5.96,3.70,59
Project0608,14,5.96,3.73,53
Project0704,14,5.96,3.90,50
Project0978,14,5.96,4.26,41
Project0893,14,5.96,4.39,42
Project0627,14,5.96,4.54,50
Project0633,14,5.96,4.54,56
Project1024,14,5.96,4.54,48
Project1103,14,5.96,4.54,33
Project0532,14,5.96,5.44,56
Project0852,14,5.96,5.44,45
Project1395,14,5.96,5.44,60
Project0087,14,5.96,5.44,35
Project0715,14,5.96,5.44,59
Project0788,14,5.96,5.44,57
Project1139,14,5.96,5.44,57
Project1044,14,5.96,6.20,57
Project0660,14,5.96,6.86,35
Project0780,14,5.96,6.86,43
Project0935,14,5.96,6.86,56
Project0668,14,5.96,11.40,40
Project1171,14,6.06,3.43,38
Project1468,14,6.06,3.43,52
Project1318,14,6.06,3.80,57
Project0505,14,6.06,3.83,58
Project0868,14,6.06,4.54,48
Project0732,14,6.06,5.16,58
Project1195,14,6.10,3.43,48
Project0953,14,6.12,3.81,62
Project1077,14,6.16,3.43,41
Project1000,14,6.17,3.90,51
Project0264,14,6.20,3.43,50
Project0685,14,6.20,3.43,63
Project0926,14,6.20,3.43,56
Project0055,14,6.20,6.20,49
Project1278,14,6.20,6.86,44
Project0473,14,6.20,2.33,55
Project0513,14,6.20,2.53,48
Project0102,14,6.20,3.43,46
Project0214,14,6.20,3.43,41
Project0248,14,6.20,3.43,37
Project0257,14,6.20,3.43,40
Project0318,14,6.20,3.43,40
Project0351,14,6.20,3.43,53
Project0459,14,6.20,3.43,48
Project0467,14,6.20,3.43,49
Project0483,14,6.20,3.43,61
Project0938,14,6.20,3.43,62
Project0941,14,6.20,3.43,45
Project1014,14,6.20,3.43,45
Project1219,14,6.20,3.43,47
Project1401,14,6.20,3.43,30
Project1521,14,6.20,3.43,54
Project1552,14,6.20,3.43,43
Project0312,14,6.20,3.77,60
Project0782,14,6.20,3.77,41
Project0756,14,6.20,4.01,40
Project1111,14,6.20,4.01,48
Project0329,14,6.20,4.54,49
Project0441,14,6.20,4.54,58
Project0623,14,6.20,4.54,53
Project1560,14,6.20,4.54,58
Project0223,14,6.20,5.44,59
Project0367,14,6.20,5.44,51
Project1049,14,6.20,5.44,60
Project1223,14,6.20,5.44,41
Project1503,14,6.20,5.44,54
Project1549,14,6.20,5.44,54
Project0361,14,6.20,5.44,64
Project0712,14,6.20,5.44,59
Project0873,14,6.20,5.44,52
Project0931,14,6.20,5.44,62
Project1322,14,6.20,5.44,48
Project1366,14,6.20,5.44,54
Project1473,14,6.20,5.44,57
Project1505,14,6.20,5.44,45
Project1583,14,6.20,5.44,53
Project1600,14,6.20,5.44,42
Project0889,14,6.20,6.20,62
Project1329,14,6.20,6.20,40
Project1315,14,6.20,6.54,56
Project0099,14,6.20,6.86,56
Project0165,14,6.20,6.86,52
Project0187,14,6.20,6.86,64
Project0791,14,6.20,6.86,47
Project1250,14,6.20,6.86,48
Project0368,14,6.20,7.97,53
Project1153,14,6.29,3.59,53
Project0269,14,6.34,3.00,61
Project0098,14,6.34,3.43,25
Project1125,14,6.34,3.43,55
Project1334,14,6.34,3.59,63
Project1263,14,6.34,4.19,55
Project1271,14,6.34,5.01,46
Project1176,14,6.34,5.44,45
Project0451,14,6.34,6.86,48
Project1350,14,6.34,8.87,44
Project0210,14,6.43,3.43,62
Project1140,14,6.43,3.43,36
Project0585,14,6.43,3.90,28
Project0267,14,6.43,4.01,59
Project1015,14,6.43,4.01,44
Project0812,14,6.43,4.78,64
Project1382,14,6.43,4.86,55
Project1184,14,6.43,5.10,52
Project0100,14,6.43,5.44,59
Project0296,14,6.43,5.44,55
Project1083,14,6.43,5.44,37
Project0766,14,6.43,5.71,52
Project0435,14,6.43,6.86,48
Project1428,14,6.43,6.86,52
Project0667,14,6.43,3.43,51
Project0043,14,6.43,3.43,44
Project0850,14,6.43,3.43,58
Project1339,14,6.43,4.86,61
Project0550,14,6.43,6.20,60
Project0288,14,6.48,5.44,52
Project0399,14,6.50,4.01,53
Project0295,14,6.54,3.15,60
Project1275,14,6.54,3.43,46
Project1285,14,6.54,3.70,57
Project0970,14,6.54,4.01,50
Project0943,14,6.54,4.19,50
Project0656,14,6.54,4.54,61
Project1581,14,6.54,4.54,31
Project1308,14,6.54,5.01,53
Project0626,14,6.54,5.44,42
Project1186,14,6.61,3.43,50
Project0132,14,6.61,5.44,59
Project0311,14,6.61,6.37,54
Project1208,14,6.61,3.83,57
Project1539,14,6.61,5.01,31
Project0366,14,6.68,4.19,62
Project0650,14,6.68,5.01,59
Project0009,14,6.72,5.44,49
Project1462,14,6.75,5.44,60
Project0179,14,6.86,2.74,51
Project0424,14,6.86,2.77,40
Project0807,14,6.86,2.91,58
Project0584,14,6.86,2.98,59
Project1494,14,6.86,3.09,45
Project0143,14,6.86,3.43,59
Project0151,14,6.86,3.43,43
Project0161,14,6.86,3.43,39
Project0163,14,6.86,3.43,42
Project0208,14,6.86,3.43,64
Project0276,14,6.86,3.43,41
Project0286,14,6.86,3.43,48
Project0290,14,6.86,3.43,50
Project0291,14,6.86,3.43,45
Project0308,14,6.86,3.43,24
Project0355,14,6.86,3.43,40
Project0387,14,6.86,3.43,27
Project0397,14,6.86,3.43,41
Project0431,14,6.86,3.43,35
Project0434,14,6.86,3.43,46
Project0471,14,6.86,3.43,52
Project0518,14,6.86,3.43,52
Project0529,14,6.86,3.43,52
Project0531,14,6.86,3.43,51
Project0534,14,6.86,3.43,52
Project0570,14,6.86,3.43,38
Project0634,14,6.86,3.43,54
Project0690,14,6.86,3.43,45
Project0757,14,6.86,3.43,63
Project0792,14,6.86,3.43,42
Project0813,14,6.86,3.43,61
Project0814,14,6.86,3.43,60
Project0839,14,6.86,3.43,52
Project0882,14,6.86,3.43,50
Project0912,14,6.86,3.43,50
Project0966,14,6.86,3.43,40
Project1002,14,6.86,3.43,57
Project1017,14,6.86,3.43,42
Project1021,14,6.86,3.43,54
Project1046,14,6.86,3.43,43
Project1085,14,6.86,3.43,56
Project1131,14,6.86,3.43,43
Project1211,14,6.86,3.43,48
Project1257,14,6.86,3.43,55
Project1294,14,6.86,3.43,48
Project1295,14,6.86,3.43,32
Project1425,14,6.86,3.43,62
Project1437,14,6.86,3.43,53
Project1440,14,6.86,3.43,56
Project1447,14,6.86,3.43,64
Project1496,14,6.86,3.43,51
Project1510,14,6.86,3.43,57
Project1517,14,6.86,3.43,29
Project1538,14,6.86,3.43,40
Project1553,14,6.86,3.43,57
Project1568,14,6.86,3.43,44
Project1570,14,6.86,3.43,46
Project1593,14,6.86,3.43,42
Project0056,14,6.86,3.77,51
Project1109,14,6.86,4.01,49
Project1119,14,6.86,4.01,43
Project1499,14,6.86,4.01,58
Project0252,14,6.86,4.01,42
Project0448,14,6.86,4.01,57
Project0371,14,6.86,4.05,46
Project1409,14,6.86,4.12,25
Project0109,14,6.86,4.19,37
Project0553,14,6.86,4.19,34
Project0683,14,6.86,4.19,63
Project0695,14,6.86,4.19,37
Project0697,14,6.86,4.19,57
Project1429,14,6.86,4.19,52
Project0746,14,6.86,4.19,51
Project0787,14,6.86,4.19,51
Project1043,14,6.86,4.33,35
Project0083,14,6.86,4.54,40
Project0195,14,6.86,4.54,34
Project0297,14,6.86,4.54,60
Project0542,14,6.86,4.54,58
Project0691,14,6.86,4.54,64
Project0710,14,6.86,4.54,38
Project0754,14,6.86,4.54,51
Project1361,14,6.86,4.54,44
Project1367,14,6.86,4.54,44
Project1483,14,6.86,4.54,49
Project1580,14,6.86,4.54,47
Project0141,14,6.86,4.86,62
Project0321,14,6.86,4.86,56
Project0610,14,6.86,4.86,61
Project0680,14,6.86,4.86,41
Project0863,14,6.86,4.86,49
Project1105,14,6.86,4.86,52
Project1154,14,6.86,4.86,51
Project1172,14,6.86,4.86,49
Project0857,14,6.86,4.92,62
Project0879,14,6.86,5.01,60
Project0011,14,6.86,5.44,44
Project0084,14,6.86,5.44,58
Project0113,14,6.86,5.44,56
Project0142,14,6.86,5.44,47
Project0194,14,6.86,5.44,61
Project0246,14,6.86,5.44,58
Project0278,14,6.86,5.44,51
Project0304,14,6.86,5.44,46
Project0347,14,6.86,5.44,51
Project0437,14,6.86,5.44,47
Project0458,14,6.86,5.44,44
Project0481,14,6.86,5.44,42
Project0530,14,6.86,5.44,54
Project0806,14,6.86,5.44,42
Project0821,14,6.86,5.44,42
Project1114,14,6.86,5.44,42
Project1138,14,6.86,5.44,50
Project1203,14,6.86,5.44,44
Project1362,14,6.86,5.44,44
Project0020,14,6.86,5.44,35
Project0021,14,6.86,5.44,53
Project0040,14,6.86,5.44,40
Project0058,14,6.86,5.44,48
Project0097,14,6.86,5.44,52
Project0107,14,6.86,5.44,30
Project0180,14,6.86,5.44,35
Project0378,14,6.86,5.44,48
Project0417,14,6.86,5.44,41
Project0425,14,6.86,5.44,52
Project0439,14,6.86,5.44,63
Project0543,14,6.86,5.44,37
Project0557,14,6.86,5.44,38
Project0619,14,6.86,5.44,48
Project0651,14,6.86,5.44,47
Project0730,14,6.86,5.44,52
Project0870,14,6.86,5.44,49
Project0880,14,6.86,5.44,49
Project0929,14,6.86,5.44,43
Project0932,14,6.86,5.44,41
Project0940,14,6.86,5.44,49
Project0956,14,6.86,5.44,48
Project0986,14,6.86,5.44,43
Project1028,14,6.86,5.44,40
Project1045,14,6.86,5.44,52
Project1102,14,6.86,5.44,62
Project1122,14,6.86,5.44,57
Project1177,14,6.86,5.44,57
Project1311,14,6.86,5.44,45
Project1475,14,6.86,5.44,48
Project1479,14,6.86,5.44,59
Project1485,14,6.86,5.44,38
Project1492,14,6.86,5.44,52
Project1495,14,6.86,5.44,49
Project1531,14,6.86,5.44,25
Project1607,14,6.86,5.44,52
Project1442,14,6.86,6.20,45
Project1142,14,6.86,6.43,44
Project0006,14,6.86,6.86,60
Project0117,14,6.86,6.86,59
Project0174,14,6.86,6.86,40
Project0183,14,6.86,6.86,41
Project0596,14,6.86,6.86,43
Project0688,14,6.86,6.86,52
Project0842,14,6.86,6.86,47
Project0885,14,6.86,6.86,50
Project1023,14,6.86,6.86,61
Project1317,14,6.86,6.86,40
Project1482,14,6.86,6.86,56
Project0243,14,6.86,7.97,41
Project0595,14,6.86,7.97,58
Project1063,14,6.86,7.97,52
Project1253,14,6.86,7.97,40
Project0568,14,6.86,8.87,51
Project0747,14,6.86,8.87,33
Project1255,14,6.86,8.87,37
Project1514,14,7.04,6.20,47
Project0551,14,7.04,3.73,61
Project0303,14,7.04,5.44,38
Project1309,14,7.16,3.73,48
Project1069,14,7.16,3.90,44
Project0696,14,7.16,4.01,34
Project0561,14,7.16,5.44,56
Project1590,14,7.16,6.86,60
Project0173,14,7.16,6.86,51
Project0497,14,7.26,3.43,51
Project1413,14,7.26,3.43,44
Project0649,14,7.26,4.01,41
Project0220,14,7.26,4.54,55
Project0775,14,7.26,4.54,48
Project0245,14,7.26,5.44,41
Project1079,14,7.26,5.44,62
Project0442,14,7.26,6.20,57
Project1051,14,7.26,6.86,48
Project1525,14,7.26,7.97,47
Project1067,14,7.26,11.87,62
Project0345,14,7.31,4.19,62
Project0293,14,7.31,5.44,45
Project0092,14,7.45,2.53,63
Project0407,14,7.45,3.43,40
Project0735,14,7.45,3.43,42
Project1202,14,7.45,3.43,57
Project1325,14,7.45,3.43,57
Project1471,14,7.45,3.43,45
Project1113,14,7.45,3.83,62
Project1493,14,7.45,4.54,51
Project1147,14,7.45,4.86,53
Project1506,14,7.45,5.44,58
Project0640,14,7.45,5.44,55
Project0708,14,7.45,5.44,48
Project1110,14,7.45,5.44,48
Project1256,14,7.45,5.44,43
Project1537,14,7.45,6.86,40
Project1614,14,7.45,6.86,43
Project0010,14,7.45,7.97,45
Project1218,14,7.45,7.97,57
Project0354,14,7.63,4.01,39
Project0153,14,7.63,5.44,42
Project1261,14,7.63,5.44,31
Project0946,14,7.63,6.86,53
Project1545,14,7.63,7.97,52
Project0942,14,7.63,9.63,52
Project0845,14,7.68,3.83,43
Project0631,14,7.71,5.01,58
Project1524,14,7.71,6.86,55
Project0817,14,7.97,2.77,31
Project1033,14,7.97,3.43,37
Project1469,14,7.97,3.43,41
Project1112,14,7.97,3.65,54
Project0464,14,7.97,4.86,43
Project0181,14,7.97,5.44,51
Project0620,14,7.97,5.44,61
Project1323,14,7.97,5.44,54
Project0370,14,7.97,6.20,30
Project0983,14,7.97,6.86,41
Project0655,14,7.97,2.77,36
Project1439,14,7.97,2.77,43
Project1622,14,7.97,2.91,50
Project0750,14,7.97,2.94,33
Project0856,14,7.97,3.06,43
Project0644,14,7.97,3.43,39
Project0343,14,7.97,3.43,53
Project0517,14,7.97,3.43,54
Project0563,14,7.97,3.43,45
Project0635,14,7.97,3.43,54
Project0724,14,7.97,3.43,52
Project0823,14,7.97,3.43,35
Project0851,14,7.97,3.43,40
Project0952,14,7.97,3.43,58
Project1086,14,7.97,3.43,50
Project1484,14,7.97,3.43,45
Project1502,14,7.97,3.43,42
Project1507,14,7.97,3.43,42
Project1585,14,7.97,3.43,61
Project0068,14,7.97,3.65,57
Project1241,14,7.97,3.73,43
Project1558,14,7.97,3.83,49
Project0401,14,7.97,3.90,54
Project0876,14,7.97,3.95,50
Project0711,14,7.97,4.01,45
Project0937,14,7.97,4.01,38
Project0323,14,7.97,4.19,53
Project1582,14,7.97,4.19,48
Project1148,14,7.97,4.19,54
Project0693,14,7.97,4.24,43
Project0016,14,7.97,4.33,43
Project0309,14,7.97,4.54,46
Project0349,14,7.97,4.54,49
Project0396,14,7.97,4.54,50
Project0818,14,7.97,4.54,42
Project0881,14,7.97,4.54,53
Project1167,14,7.97,4.54,55
Project1194,14,7.97,4.54,57
Project1341,14,7.97,4.54,60
Project1508,14,7.97,4.54,42
Project1513,14,7.97,4.54,43
Project1550,14,7.97,4.54,44
Project0504,14,7.97,4.73,55
Project1446,14,7.97,4.73,62
Project0013,14,7.97,4.86,52
Project0032,14,7.97,4.86,44
Project0262,14,7.97,5.44,44
Project1327,14,7.97,5.44,44
Project1349,14,7.97,5.44,58
Project0069,14,7.97,5.44,52
Project0255,14,7.97,5.44,63
Project0319,14,7.97,5.44,57
Project0450,14,7.97,5.44,55
Project0692,14,7.97,5.44,50
Project0718,14,7.97,5.44,25
Project0726,14,7.97,5.44,59
Project1135,14,7.97,5.44,55
Project1165,14,7.97,5.44,43
Project1169,14,7.97,5.44,48
Project1233,14,7.97,5.44,58
Project1267,14,7.97,5.44,25
Project1443,14,7.97,5.44,55
Project1509,14,7.97,5.44,59
Project1516,14,7.97,5.44,62
Project1589,14,7.97,5.44,50
Project1559,14,7.97,5.96,25
Project0119,14,7.97,6.20,57
Project0322,14,7.97,6.86,55
Project0408,14,7.97,6.86,57
Project0714,14,7.97,6.86,42
Project0803,14,7.97,6.86,62
Project1054,14,7.97,6.86,47
Project1084,14,7.97,6.86,48
Project1453,14,7.97,6.86,41
Project1541,14,7.97,6.86,45
Project0172,14,7.97,7.97,45
Project1214,14,7.97,7.97,45
Project1363,14,7.97,7.97,50
Project1373,14,7.97,7.97,43
Project1424,14,7.97,7.97,58
Project1175,14,7.97,8.59,52
Project1058,14,7.97,8.87,43
Project0944,14,7.97,9.63,44
Project1016,14,7.97,10.29,53
Project0871,14,7.97,12.30,43
Project1392,14,8.21,6.86,62
Project0138,14,8.29,6.20,59
Project0114,14,8.29,4.06,60
Project0477,14,8.44,3.43,62
Project1342,14,8.44,4.06,44
Project0816,14,8.44,4.09,51
Project0391,14,8.44,4.54,63
Project1005,14,8.44,4.54,58
Project1378,14,8.44,4.54,62
Project0146,14,8.44,5.44,54
Project1627,14,8.44,5.44,46
Project1328,14,8.44,6.86,58
Project1555,14,8.44,7.97,41
Project0924,14,8.44,7.97,60
Project0646,14,8.44,8.87,42
Project0783,14,8.59,5.01,48
Project0461,14,8.59,7.45,43
Project1436,14,8.59,5.71,44
Project1544,14,8.66,6.20,56
Project0957,14,8.87,3.18,55
Project0847,14,8.87,3.18,54
Project0063,14,8.87,3.43,42
Project0209,14,8.87,3.43,54
Project0403,14,8.87,3.43,62
Project0676,14,8.87,3.43,44
Project1238,14,8.87,3.43,60
Project1522,14,8.87,3.43,49
Project0302,14,8.87,3.65,28
Project0615,14,8.87,3.90,43
Project0121,14,8.87,4.54,43
Project0545,14,8.87,4.54,57
Project1123,14,8.87,4.54,42
Project0844,14,8.87,4.86,48
Project0475,14,8.87,5.44,44
Project1080,14,8.87,5.44,61
Project1237,14,8.87,5.44,51
Project0383,14,8.87,5.44,48
Project1185,14,8.87,5.44,37
Project1246,14,8.87,5.44,45
Project1562,14,8.87,5.44,48
Project1584,14,8.87,5.44,40
Project1190,14,8.87,6.20,58
Project1041,14,8.87,6.30,56
Project0778,14,8.87,6.34,41
Project0037,14,8.87,6.86,57
Project0091,14,8.87,6.86,44
Project0701,14,8.87,6.86,29
Project0721,14,8.87,6.86,40
Project0948,14,8.87,6.86,38
Project0413,14,8.87,7.16,62
Project0969,14,8.87,7.97,48
Project1060,14,8.87,7.97,45
Project0266,14,9.27,12.70,43
Project0998,14,9.27,3.43,52
Project0348,14,9.27,5.44,41
Project1464,14,9.27,5.44,48
Project0211,14,9.39,4.01,42
Project0094,14,9.39,5.01,48
Project0592,14,9.63,2.91,41
Project0127,14,9.63,5.71,54
Project1414,14,9.63,5.83,41
Project0420,14,9.63,2.24,45
Project0781,14,9.63,3.43,45
Project1288,14,9.63,3.43,55
Project1578,14,9.63,3.43,46
Project0572,14,9.63,3.83,25
Project1161,14,9.63,4.19,43
Project0003,14,9.63,4.86,55
Project0562,14,9.63,5.44,53
Project0738,14,9.63,5.44,59
Project0761,14,9.63,5.44,36
Project0867,14,9.63,5.44,45
Project1210,14,9.63,5.44,45
Project1326,14,9.63,5.44,37
Project1302,14,9.63,6.20,57
Project0524,14,9.63,6.86,49
Project0320,14,9.63,9.27,57
Project0205,14,9.97,4.37,57
Project0525,14,9.97,6.86,41
Project1423,14,10.29,2.53,60
Project0218,14,10.29,3.43,47
Project1093,14,10.29,3.43,44
Project1166,14,10.29,4.01,60
Project1136,14,10.29,4.54,55
Project0064,14,10.29,5.44,50
Project1262,14,10.29,5.44,63
Project1164,14,10.29,6.20,44
Project0658,14,10.29,6.20,55
Project0613,14,10.29,6.86,59
Project1179,14,10.29,6.86,56
Project1566,14,10.88,2.24,55
Project0035,14,10.88,2.53,48
Project0964,14,10.88,4.54,48
Project0158,14,10.88,6.20,55
Project0703,14,10.88,6.86,58
Project0733,14,10.88,6.86,63
Project0638,14,10.88,7.63,50
Project0502,14,11.40,3.43,59
Project0947,14,11.40,3.90,60
Project1129,14,11.40,5.44,61
Project0123,14,11.40,6.86,51
Project0506,14,11.87,5.76,59
Project0259,14,12.70,4.19,46
Project1385,14,13.06,6.86,54